set,subset,partition,filename,attack_family_token,relative_path,sha256,size_bytes,header_raw,column_names,schema_exact_match,has_utf8_bom,row_count,blank_line_count,malformed_row_count,malformed_wrong_field_count,malformed_bad_timestamp,malformed_bad_arbitration_id,malformed_bad_data_field,malformed_bad_attack_label,attack0_count,attack1_count,attack_ratio,empty_data_field_count,empty_data_field_attack1_count,timestamp_min,timestamp_max,timestamp_span_s,timestamp_decrease_count,timestamp_equal_consecutive_count,timestamp_max_decrease_s,unique_arbitration_id_count,arbitration_id_hexlen_min,arbitration_id_hexlen_max,data_field_hexlen_min,data_field_hexlen_max,data_field_hexlen_min_nonempty,odd_hexlen_data_field_count,attack_episode_count,attack_contiguity,first_attack_row,last_attack_row,longest_attack_episode_rows,attack_row_density_within_span,first_attack_timestamp,last_attack_timestamp,attack_time_span_s,max_gap_between_attack_frames_s,attack_time_episode_count_gap_gt_1s,attack_time_contiguity_gap_gt_1s,quoted_row_count,file_ends_with_newline,error
set_01,test_01_known_vehicle_known_attack,test,DoS-3.csv,DoS,set_01/test_01_known_vehicle_known_attack/DoS-3.csv,f86c0df69c26de9a955e13711057f40d18e374c980ab10827102b86961262183,5992583,"timestamp,arbitration_id,data_field,attack",timestamp|arbitration_id|data_field|attack,True,False,154255,0,0,0,0,0,0,0,135032,19223,0.12461833,0,0,1672531200.0,1672531293.360044,93.360044,0,25,0.000000000,51,3,3,4,16,4,0,8340,multiple,29335,90285,11,0.315384,1672531220.2755761,1672531249.1189451,28.843369,7.277332,3,multiple_windows,0,True,
set_01,test_01_known_vehicle_known_attack,test,DoS-4.csv,DoS,set_01/test_01_known_vehicle_known_attack/DoS-4.csv,c26eb8dea1e57b0a0d6640dadf583dcddfb47b11a99c753b3fdc8b997eb0db81,35705429,"timestamp,arbitration_id,data_field,attack",timestamp|arbitration_id|data_field|attack,True,False,920350,0,0,0,0,0,0,0,884204,36146,0.03927419,0,0,1672531200.0,1672531811.288168,611.288168,0,53,0.000000000,51,3,3,4,16,4,0,15500,multiple,125716,213342,14,0.412498,1672531286.901432,1672531322.477416,35.575984,7.380664,2,multiple_windows,0,True,
set_01,test_01_known_vehicle_known_attack,test,force-neutral-3.csv,force-neutral,set_01/test_01_known_vehicle_known_attack/force-neutral-3.csv,b237c080dbf74d1f74c9508109b73e5a56bd5b056134e55cc45860f369b2c001,35169260,"timestamp,arbitration_id,data_field,attack",timestamp|arbitration_id|data_field|attack,True,False,904145,0,0,0,0,0,0,0,901913,2232,0.00246863,0,0,1672531200.0,1672531823.7024689,623.702469,50,2,0.000134230,51,3,3,4,16,4,0,1993,multiple,319000,331111,3,0.184280,1672531420.5438139,1672531427.376174,6.832360,0.004365,1,single_window,0,True,
set_01,test_01_known_vehicle_known_attack,test,force-neutral-4.csv,force-neutral,set_01/test_01_known_vehicle_known_attack/force-neutral-4.csv,5f6bacd0c1e901862102f750b66a918c0b6847ef9d7558fe374e8f6c49103329,32576569,"timestamp,arbitration_id,data_field,attack",timestamp|arbitration_id|data_field|attack,True,False,839873,0,0,0,0,0,0,0,839614,259,0.00030838,0,0,1672531200.0,1672531781.0633671,581.063367,9,1,0.006042719,51,3,3,4,16,4,0,259,multiple,351742,356589,1,0.053424,1672531443.390415,1672531446.57044,3.180025,0.013378,1,single_window,0,True,
set_01,test_01_known_vehicle_known_attack,test,rpm-3.csv,rpm,set_01/test_01_known_vehicle_known_attack/rpm-3.csv,21ca5c3341b51c027ce38e0ce9463664cf653be0fccd18ae28185703d74ce82b,31339311,"timestamp,arbitration_id,data_field,attack",timestamp|arbitration_id|data_field|attack,True,False,809398,0,0,0,0,0,0,0,805802,3596,0.00444281,0,0,1672531200.0,1672531757.1527889,557.152789,100,1,0.000146866,51,3,3,4,16,4,0,3161,multiple,280277,299581,3,0.186273,1672531393.748456,1672531404.6130581,10.864602,0.004405,1,single_window,0,True,
set_01,test_01_known_vehicle_known_attack,test,rpm-4.csv,rpm,set_01/test_01_known_vehicle_known_attack/rpm-4.csv,aef3d15f39c6fb1dc2df87cc96205ce9c03c0c3b3cf246d56520f0f6e907462e,31981845,"timestamp,arbitration_id,data_field,attack",timestamp|arbitration_id|data_field|attack,True,False,824211,0,0,0,0,0,0,0,823886,325,0.00039432,0,0,1672531200.0,1672531769.767513,569.767513,8,1,0.000114918,51,3,3,4,16,4,0,325,multiple,226336,232349,1,0.054041,1672531356.5270181,1672531360.463805,3.936787,0.013118,1,single_window,0,True,
set_01,test_01_known_vehicle_known_attack,test,standstill-3.csv,standstill,set_01/test_01_known_vehicle_known_attack/standstill-3.csv,0d4e08589fc3b2e516a8a24e053dad1ec3b870c0248fe2a104a8cb29b405fe74,24292224,"timestamp,arbitration_id,data_field,attack",timestamp|arbitration_id|data_field|attack,True,False,629156,0,0,0,0,0,0,0,627709,1447,0.00229991,0,0,1672531200.0,1672531634.6962411,434.696241,59,4,0.002909899,51,3,3,4,16,4,0,1447,multiple,301642,328960,1,0.052967,1672531409.0905931,1672531426.9770429,17.886450,0.013850,1,single_window,0,True,
set_01,test_01_known_vehicle_known_attack,test,standstill-4.csv,standstill,set_01/test_01_known_vehicle_known_attack/standstill-4.csv,ed30a557065db8547deedd566b2c4889e6f0d5fe783b0244939d949d2b73caab,23977213,"timestamp,arbitration_id,data_field,attack",timestamp|arbitration_id|data_field|attack,True,False,621282,0,0,0,0,0,0,0,621230,52,0.00008370,0,0,1672531200.0,1672531629.7679319,429.767932,0,1,0.000000000,51,3,3,4,16,4,0,52,multiple,201010,208600,1,0.006850,1672531339.0161519,1672531344.2314439,5.215292,0.103286,1,single_window,0,True,
set_01,test_02_unknown_vehicle_known_attack,test,DoS-3.csv,DoS,set_01/test_02_unknown_vehicle_known_attack/DoS-3.csv,543c7f0f3218657a09fe7bc9fb7c95591725ec3832998323b68d2a9c8e754204,42431037,"timestamp,arbitration_id,data_field,attack",timestamp|arbitration_id|data_field|attack,True,False,1100971,0,0,0,0,0,0,0,943319,157652,0.14319360,0,0,1672531200.0,1672531566.812345,366.812345,0,324,0.000000000,98,3,3,2,16,2,0,96234,multiple,146527,629842,8,0.326188,1672531256.9665091,1672531383.576138,126.609629,0.004746,1,single_window,0,True,
set_01,test_02_unknown_vehicle_known_attack,test,DoS-4.csv,DoS,set_01/test_02_unknown_vehicle_known_attack/DoS-4.csv,2f059858b0b25520befd23f00d5558ae2714eba72b540357465608ff6ebbde8c,26343887,"timestamp,arbitration_id,data_field,attack",timestamp|arbitration_id|data_field|attack,True,False,689028,0,0,0,0,0,0,0,683104,5924,0.00859762,0,0,1672531200.0,1672531465.599287,265.599287,0,12,0.000000000,98,3,3,2,16,2,0,3659,multiple,273200,291448,8,0.324621,1672531306.1731398,1672531310.96376,4.790620,0.001677,1,single_window,0,True,
set_01,test_02_unknown_vehicle_known_attack,test,force-neutral-3.csv,force-neutral,set_01/test_02_unknown_vehicle_known_attack/force-neutral-3.csv,be45ea3adc7dc010ff83218cf7ccd7f5a615999476f6b40e5946220dca198bc3,17064422,"timestamp,arbitration_id,data_field,attack",timestamp|arbitration_id|data_field|attack,True,False,449461,0,0,0,0,0,0,0,449429,32,0.00007120,0,0,1672531200.0,1672531374.70668,174.706680,1,0,0.000130177,98,3,3,2,16,2,0,32,multiple,293970,302153,1,0.003910,1672531314.274,1672531317.448314,3.174314,0.103117,1,single_window,0,True,
set_01,test_02_unknown_vehicle_known_attack,test,force-neutral-4.csv,force-neutral,set_01/test_02_unknown_vehicle_known_attack/force-neutral-4.csv,2b7b9c19741b51cfb413daeb864cfc50d17a45293066d967e6033ddd4799c94e,62637610,"timestamp,arbitration_id,data_field,attack",timestamp|arbitration_id|data_field|attack,True,False,1646238,0,0,0,0,0,0,0,1646182,56,0.00003402,0,0,1672531200.0,1672531839.9689679,639.968968,5,0,0.000057936,98,3,3,2,16,2,0,56,multiple,916174,930700,1,0.003855,1672531556.1774449,1672531561.8115489,5.634104,0.103220,1,single_window,0,True,
set_01,test_02_unknown_vehicle_known_attack,test,rpm-3.csv,rpm,set_01/test_02_unknown_vehicle_known_attack/rpm-3.csv,03113c53b5eb6a0876810f7b8937501f56e912d576a2d3259e90b4869c711f72,24085526,"timestamp,arbitration_id,data_field,attack",timestamp|arbitration_id|data_field|attack,True,False,635397,0,0,0,0,0,0,0,635271,126,0.00019830,0,0,1672531200.0,1672531446.9786251,246.978625,5,0,0.000023842,98,3,3,2,16,2,0,126,multiple,375193,408227,1,0.003814,1672531345.873163,1672531358.6681981,12.795035,0.103227,1,single_window,0,True,
set_01,test_02_unknown_vehicle_known_attack,test,rpm-4.csv,rpm,set_01/test_02_unknown_vehicle_known_attack/rpm-4.csv,f3c5b8f07306598ef0e260fef9b64617fd2a3b02c2db69af0e1e43b67dee55fb,24583034,"timestamp,arbitration_id,data_field,attack",timestamp|arbitration_id|data_field|attack,True,False,645613,0,0,0,0,0,0,0,645587,26,0.00004027,0,0,1672531200.0,1672531451.040834,251.040834,2,0,0.000017881,98,3,3,2,16,2,0,26,multiple,398815,463303,1,0.000403,1672531355.0790169,1672531380.1465271,25.067510,1.003276,26,multiple_windows,0,True,
set_01,test_02_unknown_vehicle_known_attack,test,standstill-3.csv,standstill,set_01/test_02_unknown_vehicle_known_attack/standstill-3.csv,9956ebfa2702c31c8aebbb57e8b0f270be34535d667d3f2672b18c0197ac4bc9,24165206,"timestamp,arbitration_id,data_field,attack",timestamp|arbitration_id|data_field|attack,True,False,635543,0,0,0,0,0,0,0,635271,272,0.00042798,0,0,1672531200.0,1672531446.9788351,246.978835,10,3,0.000154972,98,3,3,2,16,2,0,272,multiple,563749,635427,1,0.003795,1672531419.1815441,1672531446.9365511,27.755007,0.103587,1,single_window,0,True,
set_01,test_02_unknown_vehicle_known_attack,test,standstill-4.csv,standstill,set_01/test_02_unknown_vehicle_known_attack/standstill-4.csv,5b5e8f61bc9af363b876253cb85584fc46f79676b68f662ddee214f706d24442,24726257,"timestamp,arbitration_id,data_field,attack",timestamp|arbitration_id|data_field|attack,True,False,645666,0,0,0,0,0,0,0,645587,79,0.00012235,0,0,1672531200.0,1672531451.0403428,251.040343,3,0,0.000092030,98,3,3,2,16,2,0,79,multiple,423771,444396,1,0.003830,1672531364.7824819,1672531372.7730289,7.990547,0.103393,1,single_window,0,True,
set_01,test_03_known_vehicle_unknown_attack,test,double-3.csv,double,set_01/test_03_known_vehicle_unknown_attack/double-3.csv,5424301d48e90a1625d756f7291f6320975d3d8723578b2eb278e58beb3ae970,34817685,"timestamp,arbitration_id,data_field,attack",timestamp|arbitration_id|data_field|attack,True,False,902805,0,0,0,0,0,0,0,901913,892,0.00098803,0,0,1672531200.0,1672531823.702785,623.702785,33,1,0.000114202,51,3,3,4,16,4,0,729,multiple,323511,333531,2,0.089013,1672531423.666327,1672531429.972465,6.306138,0.014215,1,single_window,0,True,
set_01,test_03_known_vehicle_unknown_attack,test,double-4.csv,double,set_01/test_03_known_vehicle_unknown_attack/double-4.csv,387c28887c3ce8b96653f30903886cd4f197d494a3bf2834e26357fb651e5e64,32780010,"timestamp,arbitration_id,data_field,attack",timestamp|arbitration_id|data_field|attack,True,False,840014,0,0,0,0,0,0,0,839614,400,0.00047618,0,0,1672531200.0,1672531781.063267,581.063267,31,0,0.000075817,51,3,3,4,16,4,0,347,multiple,271474,276061,2,0.087184,1672531387.8558788,1672531390.75659,2.900711,0.014024,1,single_window,0,True,
set_01,test_03_known_vehicle_unknown_attack,test,fuzzing-3.csv,fuzzing,set_01/test_03_known_vehicle_unknown_attack/fuzzing-3.csv,526dbd06fa48816c11b40d1a568bac9aea8b7b582ea2e5405452e06fed1bd65b,22136964,"timestamp,arbitration_id,data_field,attack",timestamp|arbitration_id|data_field|attack,True,False,573786,0,0,0,0,0,0,0,567849,5937,0.01034706,385,385,1672531200.0,1672531592.498821,392.498821,0,15,0.000000000,1946,3,3,0,16,2,0,5937,multiple,45166,181053,1,0.043690,1672531231.210861,1672531321.0567639,89.845903,0.015550,1,single_window,0,True,
set_01,test_03_known_vehicle_unknown_attack,test,fuzzing-4.csv,fuzzing,set_01/test_03_known_vehicle_unknown_attack/fuzzing-4.csv,8a6a60ba7d4dcae8c4ae057cbe946bf380e951b2ddbf8b6c6f1ca3c7b203dcbd,15879440,"timestamp,arbitration_id,data_field,attack",timestamp|arbitration_id|data_field|attack,True,False,409146,0,0,0,0,0,0,0,409108,38,0.00009288,1,1,1672531200.0,1672531482.764776,282.764776,0,0,0.000000000,89,3,3,0,16,2,0,38,multiple,65021,118607,1,0.000709,1672531244.945936,1672531281.9519939,37.006058,1.000224,38,multiple_windows,0,True,
set_01,test_03_known_vehicle_unknown_attack,test,interval-3.csv,interval,set_01/test_03_known_vehicle_unknown_attack/interval-3.csv,0bded8086f4f35244f08da7593fcf7ab90c6e59262955f508924d5d3f197c0b0,30698545,"timestamp,arbitration_id,data_field,attack",timestamp|arbitration_id|data_field|attack,True,False,786935,0,0,0,0,0,0,0,782643,4292,0.00545407,0,0,1672531200.0,1672531740.7932889,540.793289,0,0,0.000000000,51,3,3,4,16,4,0,4292,multiple,74940,786918,1,0.006028,1672531251.7697408,1672531740.78299,489.013249,60.176073,2,multiple_windows,0,True,
set_01,test_03_known_vehicle_unknown_attack,test,interval-4.csv,interval,set_01/test_03_known_vehicle_unknown_attack/interval-4.csv,01137c00610f247fca7d0047e58b283d5a905cc44e2b399492a10a4a263248b8,34341759,"timestamp,arbitration_id,data_field,attack",timestamp|arbitration_id|data_field|attack,True,False,884330,0,0,0,0,0,0,0,884204,126,0.00014248,0,0,1672531200.0,1672531811.2878649,611.287865,0,0,0.000000000,51,3,3,4,16,4,0,126,multiple,142620,160821,1,0.006922,1672531298.5785,1672531311.072886,12.494386,0.102833,1,single_window,0,True,
set_01,test_03_known_vehicle_unknown_attack,test,speed-3.csv,speed,set_01/test_03_known_vehicle_unknown_attack/speed-3.csv,28109daa01df0396dd8fbcba208be3fe69294e3527e4028428468b693a83d4ae,24604895,"timestamp,arbitration_id,data_field,attack",timestamp|arbitration_id|data_field|attack,True,False,631438,0,0,0,0,0,0,0,627709,3729,0.00590557,0,0,1672531200.0,1672531634.6968679,434.696868,36,6,0.000021935,51,3,3,4,16,4,0,3346,multiple,113138,132906,3,0.188629,1672531278.7417889,1672531289.835228,11.093439,0.004797,1,single_window,0,True,
set_01,test_03_known_vehicle_unknown_attack,test,speed-4.csv,speed,set_01/test_03_known_vehicle_unknown_attack/speed-4.csv,531376570b4842e77cfd4f5c033facf750e7a6172c3d088b756165b5408c13ed,24049791,"timestamp,arbitration_id,data_field,attack",timestamp|arbitration_id|data_field|attack,True,False,622822,0,0,0,0,0,0,0,621230,1592,0.00255611,0,0,1672531200.0,1672531629.7675619,429.767562,16,1,0.000047922,51,3,3,4,16,4,0,1437,multiple,271650,280000,3,0.190636,1672531387.8642421,1672531392.5355821,4.671340,0.004482,1,single_window,0,True,
set_01,test_03_known_vehicle_unknown_attack,test,systematic-3.csv,systematic,set_01/test_03_known_vehicle_unknown_attack/systematic-3.csv,f80791575a69da35407cc9a1941df725c8f634208b0d1e016444d45700466aa6,30325595,"timestamp,arbitration_id,data_field,attack",timestamp|arbitration_id|data_field|attack,True,False,783562,0,0,0,0,0,0,0,782643,919,0.00117285,67,67,1672531200.0,1672531740.7935519,540.793552,0,3,0.000000000,940,3,3,0,16,2,0,919,multiple,232375,333135,1,0.009121,1672531360.5654659,1672531429.552325,68.986859,0.075269,1,single_window,0,True,
set_01,test_03_known_vehicle_unknown_attack,test,systematic-4.csv,systematic,set_01/test_03_known_vehicle_unknown_attack/systematic-4.csv,591bff23af57d632f7f1fb95ac18bdc75f9236d692d497c4187ca61ee9d2f987,22146425,"timestamp,arbitration_id,data_field,attack",timestamp|arbitration_id|data_field|attack,True,False,567973,0,0,0,0,0,0,0,567849,124,0.00021832,17,17,1672531200.0,1672531592.4986022,392.498602,0,0,0.000000000,175,3,3,0,16,2,0,124,multiple,37817,126906,1,0.001392,1672531226.136276,1672531287.652493,61.516217,0.500269,1,single_window,0,True,
set_01,test_03_known_vehicle_unknown_attack,test,triple-3.csv,triple,set_01/test_03_known_vehicle_unknown_attack/triple-3.csv,b579b502158707271fa33a4fd32adf47b1758454442b0361573dabc6e5cf9a26,31298504,"timestamp,arbitration_id,data_field,attack",timestamp|arbitration_id|data_field|attack,True,False,807996,0,0,0,0,0,0,0,805802,2194,0.00271536,0,0,1672531200.0,1672531757.1521449,557.152145,50,2,0.000154972,51,3,3,4,16,4,0,1514,multiple,276860,294014,3,0.127893,1672531391.386852,1672531401.7305589,10.343707,0.013481,1,single_window,0,True,
set_01,test_03_known_vehicle_unknown_attack,test,triple-4.csv,triple,set_01/test_03_known_vehicle_unknown_attack/triple-4.csv,e4537cb5078f58019066334304cf1256f6f12ae48b1abb48aa32a0239c7b3855,32162261,"timestamp,arbitration_id,data_field,attack",timestamp|arbitration_id|data_field|attack,True,False,824468,0,0,0,0,0,0,0,823886,582,0.00070591,0,0,1672531200.0,1672531769.7675798,569.767580,14,1,0.000101328,51,3,3,4,16,4,0,378,multiple,285946,290465,3,0.128761,1672531397.7525198,1672531400.4761138,2.723594,0.013128,1,single_window,0,True,
set_01,test_04_unknown_vehicle_unknown_attack,test,double-3.csv,double,set_01/test_04_unknown_vehicle_unknown_attack/double-3.csv,3d24a7fc708ca920580c72ff667d37df9c5037caf331471d0562a34d131d04b5,41775703,"timestamp,arbitration_id,data_field,attack",timestamp|arbitration_id|data_field|attack,True,False,1106909,0,0,0,0,0,0,0,1105633,1276,0.00115276,0,0,1672531200.0,1672531754.3853409,554.385341,15,6,0.000055075,62,3,3,4,16,4,0,1045,multiple,323282,340968,2,0.072143,1672531363.451967,1672531371.649791,8.197824,0.012987,1,single_window,0,True,
set_01,test_04_unknown_vehicle_unknown_attack,test,double-4.csv,double,set_01/test_04_unknown_vehicle_unknown_attack/double-4.csv,9e6248652f95b208bdff2f42b38d86e016510120b2e1493d56ca126c81e7bbb0,49379769,"timestamp,arbitration_id,data_field,attack",timestamp|arbitration_id|data_field|attack,True,False,1300435,0,0,0,0,0,0,0,1299820,615,0.00047292,0,0,1672531200.0,1672531851.996917,651.996917,9,2,0.000031948,62,3,3,4,16,4,0,490,multiple,588824,597246,2,0.073014,1672531494.379148,1672531498.28253,3.903382,0.012852,1,single_window,0,True,
set_01,test_04_unknown_vehicle_unknown_attack,test,fuzzing-3.csv,fuzzing,set_01/test_04_unknown_vehicle_unknown_attack/fuzzing-3.csv,5e3f3d75efff9a7fcb1acae56fa2dfca5b8049cf33b0c3978bfa30e9f868ec85,18755856,"timestamp,arbitration_id,data_field,attack",timestamp|arbitration_id|data_field|attack,True,False,495332,0,0,0,0,0,0,0,489220,6112,0.01233920,370,370,1672531200.0,1672531446.1206241,246.120624,0,11,0.000000000,1925,3,3,0,16,2,0,4326,multiple,311805,331320,5,0.313179,1672531355.9014711,1672531362.6043291,6.702858,0.001325,1,single_window,0,True,
set_01,test_04_unknown_vehicle_unknown_attack,test,fuzzing-4.csv,fuzzing,set_01/test_04_unknown_vehicle_unknown_attack/fuzzing-4.csv,af823272547f3356ef5dbba838e8f472b6ac0dcc5a046a91094bdc2092c45b6a,23502550,"timestamp,arbitration_id,data_field,attack",timestamp|arbitration_id|data_field|attack,True,False,619269,0,0,0,0,0,0,0,619066,203,0.00032781,10,10,1672531200.0,1672531510.99509,310.995090,0,0,0.000000000,250,3,3,0,16,2,0,203,multiple,83974,124678,1,0.004987,1672531242.0637641,1672531262.29298,20.229216,0.100313,1,single_window,0,True,
set_01,test_04_unknown_vehicle_unknown_attack,test,interval-3.csv,interval,set_01/test_04_unknown_vehicle_unknown_attack/interval-3.csv,1d15c1d078fe7bc91438f4b1855e62c408a9325c605d6ff1b88f71f7415a67cb,33584019,"timestamp,arbitration_id,data_field,attack",timestamp|arbitration_id|data_field|attack,True,False,891053,0,0,0,0,0,0,0,890946,107,0.00012008,0,0,1672531200.0,1672531645.430057,445.430057,0,0,0.000000000,62,3,3,4,16,4,0,107,multiple,436229,457569,1,0.005014,1672531418.0983269,1672531428.7178969,10.619570,0.102613,1,single_window,0,True,
set_01,test_04_unknown_vehicle_unknown_attack,test,interval-4.csv,interval,set_01/test_04_unknown_vehicle_unknown_attack/interval-4.csv,07d8e41c9554c95a421e3aad9d8b7b185edbfd568acb36505da0b5fb2b51f1e3,32589943,"timestamp,arbitration_id,data_field,attack",timestamp|arbitration_id|data_field|attack,True,False,857658,0,0,0,0,0,0,0,857632,26,0.00003032,0,0,1672531200.0,1672531710.2366068,510.236607,0,0,0.000000000,62,3,3,4,16,4,0,26,multiple,388147,393182,1,0.005163,1672531394.073808,1672531396.5797129,2.505905,0.102983,1,single_window,0,True,
set_01,test_04_unknown_vehicle_unknown_attack,test,speed-3.csv,speed,set_01/test_04_unknown_vehicle_unknown_attack/speed-3.csv,0925bcd53d764a4aa57bccbaed5873c32a29b35a97ca3bc3418f53cb2afcbc87,98986383,"timestamp,arbitration_id,data_field,attack",timestamp|arbitration_id|data_field|attack,True,False,2625443,0,0,0,0,0,0,0,2622302,3141,0.00119637,0,0,1672531200.0,1672532810.0149,1610.014900,45,2,0.000179052,62,3,3,4,16,4,0,2933,multiple,829752,850877,3,0.148679,1672531884.3250949,1672531893.31208,8.986985,0.004204,1,single_window,0,True,
set_01,test_04_unknown_vehicle_unknown_attack,test,speed-4.csv,speed,set_01/test_04_unknown_vehicle_unknown_attack/speed-4.csv,122cfd410b0d2b4b55059bb75c26368e8337df776599d9d2cc39f3b0632cb043,71749378,"timestamp,arbitration_id,data_field,attack",timestamp|arbitration_id|data_field|attack,True,False,1898360,0,0,0,0,0,0,0,1898296,64,0.00003371,0,0,1672531200.0,1672532148.8104451,948.810445,6,0,0.000036001,62,3,3,4,16,4,0,64,multiple,832770,845708,1,0.004946,1672531616.295897,1672531622.7364569,6.440560,0.102901,1,single_window,0,True,
set_01,test_04_unknown_vehicle_unknown_attack,test,systematic-3.csv,systematic,set_01/test_04_unknown_vehicle_unknown_attack/systematic-3.csv,bb4af22be82a9cc583184f9192ac30126196218338711050272612c516acd7aa,19340328,"timestamp,arbitration_id,data_field,attack",timestamp|arbitration_id|data_field|attack,True,False,507374,0,0,0,0,0,0,0,507315,59,0.00011629,4,4,1672531200.0,1672531453.6923158,253.692316,0,0,0.000000000,121,3,3,0,16,2,0,59,multiple,52516,168585,1,0.000508,1672531226.2646089,1672531284.271523,58.006914,1.000241,59,multiple_windows,0,True,
set_01,test_04_unknown_vehicle_unknown_attack,test,systematic-4.csv,systematic,set_01/test_04_unknown_vehicle_unknown_attack/systematic-4.csv,0687f61bf1c5093f98ccfc52c6810dfa95d13c5d96e105bff5a5efbf91d61585,12530600,"timestamp,arbitration_id,data_field,attack",timestamp|arbitration_id|data_field|attack,True,False,330614,0,0,0,0,0,0,0,329692,922,0.00278875,61,61,1672531200.0,1672531364.7226188,164.722619,0,3,0.000000000,585,3,3,0,16,2,0,922,multiple,106255,195727,1,0.010305,1672531253.09602,1672531297.332278,44.236258,34.900890,2,multiple_windows,0,True,
set_01,test_04_unknown_vehicle_unknown_attack,test,triple-3.csv,triple,set_01/test_04_unknown_vehicle_unknown_attack/triple-3.csv,690d047141c7918bd6ec623d788e424c04b3305482272e4eccacfb194a5ed9a4,75208963,"timestamp,arbitration_id,data_field,attack",timestamp|arbitration_id|data_field|attack,True,False,1993660,0,0,0,0,0,0,0,1993054,606,0.00030396,0,0,1672531200.0,1672532197.5164831,997.516483,10,0,0.000145912,62,3,3,4,16,4,0,427,multiple,705391,711568,3,0.098090,1672531552.500663,1672531555.28344,2.782777,0.013526,1,single_window,0,True,
set_01,test_04_unknown_vehicle_unknown_attack,test,triple-4.csv,triple,set_01/test_04_unknown_vehicle_unknown_attack/triple-4.csv,122c3d6aebe4babc9e56a5e2e75b564e51734814714814ffc0e5bd0147530c5a,22523639,"timestamp,arbitration_id,data_field,attack",timestamp|arbitration_id|data_field|attack,True,False,594448,0,0,0,0,0,0,0,593335,1113,0.00187233,0,0,1672531200.0,1672531496.545475,296.545475,22,3,0.000109911,62,3,3,4,16,4,0,817,multiple,297411,308715,3,0.098452,1672531348.69166,1672531353.785471,5.093811,0.013288,1,single_window,0,True,
set_01,train_01,train,accessory-1.csv,accessory,set_01/train_01/accessory-1.csv,01fd35561a0756782d05b8aa99af1eb555ad3dfa51137a90e05901adf826007e,8085578,"timestamp,arbitration_id,data_field,attack",timestamp|arbitration_id|data_field|attack,True,False,207704,0,0,0,0,0,0,0,207704,0,0.00000000,0,0,1672531200.0,1672531343.6413469,143.641347,0,0,0.000000000,51,3,3,4,16,4,0,0,none,,,0,,,,,,0,none,0,True,
set_01,train_01,train,accessory-2.csv,accessory,set_01/train_01/accessory-2.csv,6cab63f1d04a06cade61b21b356f26524095fc7bc10de39a86ba9fee2ca5b5cb,8768770,"timestamp,arbitration_id,data_field,attack",timestamp|arbitration_id|data_field|attack,True,False,226166,0,0,0,0,0,0,0,226166,0,0.00000000,0,0,1672531200.0,1672531356.5317769,156.531777,0,0,0.000000000,51,3,3,4,16,4,0,0,none,,,0,,,,,,0,none,0,True,
set_01,train_01,train,attack-free-1.csv,attack-free,set_01/train_01/attack-free-1.csv,ac377ea04cfcc0c742761ff9e6fad2ba80ab9bbeefffc0ff8fdabd0be9c2f05c,75976161,"timestamp,arbitration_id,data_field,attack",timestamp|arbitration_id|data_field|attack,True,False,1952833,0,0,0,0,0,0,0,1952833,0,0.00000000,0,0,1672531200.0,1672532550.215714,1350.215714,0,0,0.000000000,51,3,3,4,16,4,0,0,none,,,0,,,,,,0,none,0,True,
set_01,train_01,train,attack-free-2.csv,attack-free,set_01/train_01/attack-free-2.csv,a78ed1e6e3c2ddd6711584a7806acbdf146ae4c04cc15a2caf4fae83c755671a,49385649,"timestamp,arbitration_id,data_field,attack",timestamp|arbitration_id|data_field|attack,True,False,1265599,0,0,0,0,0,0,0,1265599,0,0.00000000,0,0,1672531200.0,1672532074.9271538,874.927154,0,0,0.000000000,51,3,3,4,16,4,0,0,none,,,0,,,,,,0,none,0,True,
set_01,train_01,train,DoS-1.csv,DoS,set_01/train_01/DoS-1.csv,70ba91332949ec1ce68faa5ff89e9647b9e271153108ccc5eff4c24d7e10117d,3498722,"timestamp,arbitration_id,data_field,attack",timestamp|arbitration_id|data_field|attack,True,False,90169,0,0,0,0,0,0,0,81030,9139,0.10135412,0,0,1672531200.0,1672531256.038538,56.038538,0,10,0.000000000,52,3,3,4,16,4,0,4065,multiple,4841,24427,12,0.466585,1672531203.3472559,1672531210.5712571,7.224001,0.001887,1,single_window,0,True,
set_01,train_01,train,DoS-2.csv,DoS,set_01/train_01/DoS-2.csv,ed28da2b77dc3c556ebe54f73f6c4aec8dcf9a744b9b306ad858951f01f85809,12122150,"timestamp,arbitration_id,data_field,attack",timestamp|arbitration_id|data_field|attack,True,False,311045,0,0,0,0,0,0,0,285091,25954,0.08344130,0,0,1672531200.0,1672531397.1018071,197.101807,0,41,0.000000000,51,3,3,4,16,4,0,11045,multiple,25069,79525,13,0.476596,1672531217.3331811,1672531237.0384319,19.705251,0.001909,1,single_window,0,True,
set_01,train_01,train,force-neutral-1.csv,force-neutral,set_01/train_01/force-neutral-1.csv,90f42168f45241ea6979849b421405a28bab9556701a9ca1133bc6e6ea464c89,27754807,"timestamp,arbitration_id,data_field,attack",timestamp|arbitration_id|data_field|attack,True,False,715435,0,0,0,0,0,0,0,708935,6500,0.00908538,0,0,1672531200.0,1672531690.1851721,490.185172,142,7,0.007418156,51,3,3,4,16,4,0,5746,multiple,287824,322848,3,0.185582,1672531398.9520931,1672531418.67188,19.719787,0.004656,1,single_window,0,True,
set_01,train_01,train,force-neutral-2.csv,force-neutral,set_01/train_01/force-neutral-2.csv,a84b2a1d2ca680a29cd8c212c6bd983f4a82d58d1cde2ff4c0cf1c182db37717,38541656,"timestamp,arbitration_id,data_field,attack",timestamp|arbitration_id|data_field|attack,True,False,998485,0,0,0,0,0,0,0,997993,492,0.00049275,0,0,1672531200.0,1672532072.9258521,872.925852,25,0,0.000119925,51,3,3,4,16,4,0,492,multiple,400161,409374,1,0.053397,1672531476.759342,1672531482.7903221,6.030980,0.013506,1,single_window,0,True,
set_01,train_01,train,rpm-1.csv,rpm,set_01/train_01/rpm-1.csv,44e6b912666f4e089b885f910d2f9211c6faf99c74dc87d4f79cac33a86a3b31,32695456,"timestamp,arbitration_id,data_field,attack",timestamp|arbitration_id|data_field|attack,True,False,841053,0,0,0,0,0,0,0,837715,3338,0.00396883,0,0,1672531200.0,1672531779.352093,579.352093,41,3,0.000126839,51,3,3,4,16,4,0,2947,multiple,262181,279478,3,0.192970,1672531381.2617681,1672531390.9250569,9.663289,0.004323,1,single_window,0,True,
set_01,train_01,train,rpm-2.csv,rpm,set_01/train_01/rpm-2.csv,6627e889f6bc0a7d60e20a632ab7f645a758d4a3af69e0525b540b71303c6a56,31718456,"timestamp,arbitration_id,data_field,attack",timestamp|arbitration_id|data_field|attack,True,False,822459,0,0,0,0,0,0,0,822085,374,0.00045473,0,0,1672531200.0,1672531768.5355811,568.535581,19,0,0.000110865,51,3,3,4,16,4,0,374,multiple,313258,320186,1,0.053976,1672531416.61487,1672531421.145443,4.530573,0.013289,1,single_window,0,True,
set_01,train_01,train,standstill-1.csv,standstill,set_01/train_01/standstill-1.csv,11a514b6d9a1007acef158dcd21fc48f168e2f1024221b3f28bcf13baca7867f,75978651,"timestamp,arbitration_id,data_field,attack",timestamp|arbitration_id|data_field|attack,True,False,1955048,0,0,0,0,0,0,0,1952833,2215,0.00113296,0,0,1672531200.0,1672532550.215075,1350.215075,25,4,0.000169039,51,3,3,4,16,4,0,1904,multiple,556804,568330,3,0.192158,1672531584.968152,1672531591.4127162,6.444564,0.004018,1,single_window,0,True,
set_01,train_01,train,standstill-2.csv,standstill,set_01/train_01/standstill-2.csv,29629eba417975566943220ecc87fb562e05c730094d0f3dd1f38c2fa105b5a7,48937495,"timestamp,arbitration_id,data_field,attack",timestamp|arbitration_id|data_field|attack,True,False,1267144,0,0,0,0,0,0,0,1265599,1545,0.00121928,0,0,1672531200.0,1672532074.9261661,874.926166,24,1,0.007894993,51,3,3,4,16,4,0,1348,multiple,467912,475943,3,0.192356,1672531523.4632261,1672531527.9525459,4.489320,0.004027,1,single_window,0,True,
set_02,test_01_known_vehicle_known_attack,test,double-3.csv,double,set_02/test_01_known_vehicle_known_attack/double-3.csv,3d24a7fc708ca920580c72ff667d37df9c5037caf331471d0562a34d131d04b5,41775703,"timestamp,arbitration_id,data_field,attack",timestamp|arbitration_id|data_field|attack,True,False,1106909,0,0,0,0,0,0,0,1105633,1276,0.00115276,0,0,1672531200.0,1672531754.3853409,554.385341,15,6,0.000055075,62,3,3,4,16,4,0,1045,multiple,323282,340968,2,0.072143,1672531363.451967,1672531371.649791,8.197824,0.012987,1,single_window,0,True,
set_02,test_01_known_vehicle_known_attack,test,double-4.csv,double,set_02/test_01_known_vehicle_known_attack/double-4.csv,9e6248652f95b208bdff2f42b38d86e016510120b2e1493d56ca126c81e7bbb0,49379769,"timestamp,arbitration_id,data_field,attack",timestamp|arbitration_id|data_field|attack,True,False,1300435,0,0,0,0,0,0,0,1299820,615,0.00047292,0,0,1672531200.0,1672531851.996917,651.996917,9,2,0.000031948,62,3,3,4,16,4,0,490,multiple,588824,597246,2,0.073014,1672531494.379148,1672531498.28253,3.903382,0.012852,1,single_window,0,True,
set_02,test_01_known_vehicle_known_attack,test,fuzzing-3.csv,fuzzing,set_02/test_01_known_vehicle_known_attack/fuzzing-3.csv,5e3f3d75efff9a7fcb1acae56fa2dfca5b8049cf33b0c3978bfa30e9f868ec85,18755856,"timestamp,arbitration_id,data_field,attack",timestamp|arbitration_id|data_field|attack,True,False,495332,0,0,0,0,0,0,0,489220,6112,0.01233920,370,370,1672531200.0,1672531446.1206241,246.120624,0,11,0.000000000,1925,3,3,0,16,2,0,4326,multiple,311805,331320,5,0.313179,1672531355.9014711,1672531362.6043291,6.702858,0.001325,1,single_window,0,True,
set_02,test_01_known_vehicle_known_attack,test,fuzzing-4.csv,fuzzing,set_02/test_01_known_vehicle_known_attack/fuzzing-4.csv,af823272547f3356ef5dbba838e8f472b6ac0dcc5a046a91094bdc2092c45b6a,23502550,"timestamp,arbitration_id,data_field,attack",timestamp|arbitration_id|data_field|attack,True,False,619269,0,0,0,0,0,0,0,619066,203,0.00032781,10,10,1672531200.0,1672531510.99509,310.995090,0,0,0.000000000,250,3,3,0,16,2,0,203,multiple,83974,124678,1,0.004987,1672531242.0637641,1672531262.29298,20.229216,0.100313,1,single_window,0,True,
set_02,test_01_known_vehicle_known_attack,test,interval-3.csv,interval,set_02/test_01_known_vehicle_known_attack/interval-3.csv,1d15c1d078fe7bc91438f4b1855e62c408a9325c605d6ff1b88f71f7415a67cb,33584019,"timestamp,arbitration_id,data_field,attack",timestamp|arbitration_id|data_field|attack,True,False,891053,0,0,0,0,0,0,0,890946,107,0.00012008,0,0,1672531200.0,1672531645.430057,445.430057,0,0,0.000000000,62,3,3,4,16,4,0,107,multiple,436229,457569,1,0.005014,1672531418.0983269,1672531428.7178969,10.619570,0.102613,1,single_window,0,True,
set_02,test_01_known_vehicle_known_attack,test,interval-4.csv,interval,set_02/test_01_known_vehicle_known_attack/interval-4.csv,07d8e41c9554c95a421e3aad9d8b7b185edbfd568acb36505da0b5fb2b51f1e3,32589943,"timestamp,arbitration_id,data_field,attack",timestamp|arbitration_id|data_field|attack,True,False,857658,0,0,0,0,0,0,0,857632,26,0.00003032,0,0,1672531200.0,1672531710.2366068,510.236607,0,0,0.000000000,62,3,3,4,16,4,0,26,multiple,388147,393182,1,0.005163,1672531394.073808,1672531396.5797129,2.505905,0.102983,1,single_window,0,True,
set_02,test_01_known_vehicle_known_attack,test,speed-3.csv,speed,set_02/test_01_known_vehicle_known_attack/speed-3.csv,0925bcd53d764a4aa57bccbaed5873c32a29b35a97ca3bc3418f53cb2afcbc87,98986383,"timestamp,arbitration_id,data_field,attack",timestamp|arbitration_id|data_field|attack,True,False,2625443,0,0,0,0,0,0,0,2622302,3141,0.00119637,0,0,1672531200.0,1672532810.0149,1610.014900,45,2,0.000179052,62,3,3,4,16,4,0,2933,multiple,829752,850877,3,0.148679,1672531884.3250949,1672531893.31208,8.986985,0.004204,1,single_window,0,True,
set_02,test_01_known_vehicle_known_attack,test,speed-4.csv,speed,set_02/test_01_known_vehicle_known_attack/speed-4.csv,122cfd410b0d2b4b55059bb75c26368e8337df776599d9d2cc39f3b0632cb043,71749378,"timestamp,arbitration_id,data_field,attack",timestamp|arbitration_id|data_field|attack,True,False,1898360,0,0,0,0,0,0,0,1898296,64,0.00003371,0,0,1672531200.0,1672532148.8104451,948.810445,6,0,0.000036001,62,3,3,4,16,4,0,64,multiple,832770,845708,1,0.004946,1672531616.295897,1672531622.7364569,6.440560,0.102901,1,single_window,0,True,
set_02,test_01_known_vehicle_known_attack,test,systematic-3.csv,systematic,set_02/test_01_known_vehicle_known_attack/systematic-3.csv,bb4af22be82a9cc583184f9192ac30126196218338711050272612c516acd7aa,19340328,"timestamp,arbitration_id,data_field,attack",timestamp|arbitration_id|data_field|attack,True,False,507374,0,0,0,0,0,0,0,507315,59,0.00011629,4,4,1672531200.0,1672531453.6923158,253.692316,0,0,0.000000000,121,3,3,0,16,2,0,59,multiple,52516,168585,1,0.000508,1672531226.2646089,1672531284.271523,58.006914,1.000241,59,multiple_windows,0,True,
set_02,test_01_known_vehicle_known_attack,test,systematic-4.csv,systematic,set_02/test_01_known_vehicle_known_attack/systematic-4.csv,0687f61bf1c5093f98ccfc52c6810dfa95d13c5d96e105bff5a5efbf91d61585,12530600,"timestamp,arbitration_id,data_field,attack",timestamp|arbitration_id|data_field|attack,True,False,330614,0,0,0,0,0,0,0,329692,922,0.00278875,61,61,1672531200.0,1672531364.7226188,164.722619,0,3,0.000000000,585,3,3,0,16,2,0,922,multiple,106255,195727,1,0.010305,1672531253.09602,1672531297.332278,44.236258,34.900890,2,multiple_windows,0,True,
set_02,test_01_known_vehicle_known_attack,test,triple-3.csv,triple,set_02/test_01_known_vehicle_known_attack/triple-3.csv,690d047141c7918bd6ec623d788e424c04b3305482272e4eccacfb194a5ed9a4,75208963,"timestamp,arbitration_id,data_field,attack",timestamp|arbitration_id|data_field|attack,True,False,1993660,0,0,0,0,0,0,0,1993054,606,0.00030396,0,0,1672531200.0,1672532197.5164831,997.516483,10,0,0.000145912,62,3,3,4,16,4,0,427,multiple,705391,711568,3,0.098090,1672531552.500663,1672531555.28344,2.782777,0.013526,1,single_window,0,True,
set_02,test_01_known_vehicle_known_attack,test,triple-4.csv,triple,set_02/test_01_known_vehicle_known_attack/triple-4.csv,122c3d6aebe4babc9e56a5e2e75b564e51734814714814ffc0e5bd0147530c5a,22523639,"timestamp,arbitration_id,data_field,attack",timestamp|arbitration_id|data_field|attack,True,False,594448,0,0,0,0,0,0,0,593335,1113,0.00187233,0,0,1672531200.0,1672531496.545475,296.545475,22,3,0.000109911,62,3,3,4,16,4,0,817,multiple,297411,308715,3,0.098452,1672531348.69166,1672531353.785471,5.093811,0.013288,1,single_window,0,True,
set_02,test_02_unknown_vehicle_known_attack,test,double-3.csv,double,set_02/test_02_unknown_vehicle_known_attack/double-3.csv,5bd2854735dc69c84a53a41153d3d414459092dead6d35a778db4ffe9ec5984a,28042269,"timestamp,arbitration_id,data_field,attack",timestamp|arbitration_id|data_field|attack,True,False,699508,0,0,0,0,0,0,0,697212,2296,0.00328231,0,0,1672531200.0,1672531632.1010339,432.101034,147,4,0.000133991,54,3,3,2,16,2,0,1934,multiple,276432,305567,2,0.078803,1672531371.317337,1672531387.951149,16.633812,0.014302,1,single_window,0,True,
set_02,test_02_unknown_vehicle_known_attack,test,double-4.csv,double,set_02/test_02_unknown_vehicle_known_attack/double-4.csv,85b6ead48349527d1d834517f73b97b8e1edaa2ed9c9f4ccac42b31b526b06a8,24732034,"timestamp,arbitration_id,data_field,attack",timestamp|arbitration_id|data_field|attack,True,False,611726,0,0,0,0,0,0,0,610370,1356,0.00221668,0,0,1672531200.0,1672531578.27721,378.277210,30,3,0.000155210,54,3,3,2,16,2,0,1101,multiple,213964,229765,2,0.085812,1672531332.6043839,1672531341.561558,8.957174,0.013394,1,single_window,0,True,
set_02,test_02_unknown_vehicle_known_attack,test,fuzzing-3.csv,fuzzing,set_02/test_02_unknown_vehicle_known_attack/fuzzing-3.csv,29710e21dea0871663b6c20aebe41acc1eeeb0bd99f074a0e869bc91567e7d34,20500553,"timestamp,arbitration_id,data_field,attack",timestamp|arbitration_id|data_field|attack,True,False,510835,0,0,0,0,0,0,0,509965,870,0.00170309,57,57,1672531200.0,1672531516.060251,316.060251,0,0,0.000000000,759,3,3,0,16,2,0,870,multiple,177298,318525,1,0.006160,1672531309.8889968,1672531396.875495,86.986498,0.100293,1,single_window,0,True,
set_02,test_02_unknown_vehicle_known_attack,test,fuzzing-4.csv,fuzzing,set_02/test_02_unknown_vehicle_known_attack/fuzzing-4.csv,74841dd3090f935a45b6449e41739e67a54848c5dabcdd1764030c443248ca85,25311406,"timestamp,arbitration_id,data_field,attack",timestamp|arbitration_id|data_field|attack,True,False,629562,0,0,0,0,0,0,0,628052,1510,0.00239849,70,70,1672531200.0,1672531589.2455859,389.245586,0,0,0.000000000,1096,3,3,0,16,2,0,1029,multiple,161620,165719,5,0.368293,1672531300.1612279,1672531301.77473,1.613502,0.001232,1,single_window,0,True,
set_02,test_02_unknown_vehicle_known_attack,test,interval-3.csv,interval,set_02/test_02_unknown_vehicle_known_attack/interval-3.csv,b17052b50df3d3637224c38557e25f04997aef7fd81d4a5ce1dcff7b1f70dc30,15924892,"timestamp,arbitration_id,data_field,attack",timestamp|arbitration_id|data_field|attack,True,False,393679,0,0,0,0,0,0,0,392891,788,0.00200163,0,0,1672531200.0,1672531443.4882102,243.488210,0,0,0.000000000,54,3,3,2,16,2,0,197,multiple,118815,125928,4,0.110768,1672531273.6287711,1672531277.5486162,3.919845,0.020754,1,single_window,0,True,
set_02,test_02_unknown_vehicle_known_attack,test,interval-4.csv,interval,set_02/test_02_unknown_vehicle_known_attack/interval-4.csv,f5065b7a46575edf0d39e39757ba543c5f4c6dae7aa232c74de5d5a75ecbc77e,36715373,"timestamp,arbitration_id,data_field,attack",timestamp|arbitration_id|data_field|attack,True,False,907454,0,0,0,0,0,0,0,907204,250,0.00027550,0,0,1672531200.0,1672531781.009799,581.009799,0,0,0.000000000,54,3,3,2,16,2,0,250,multiple,377315,385604,1,0.030157,1672531433.8367939,1672531438.816416,4.979622,0.020998,1,single_window,0,True,
set_02,test_02_unknown_vehicle_known_attack,test,speed-3.csv,speed,set_02/test_02_unknown_vehicle_known_attack/speed-3.csv,19eb55a1177d2ed82272d1dfd4af3bdd37153fd85a78b095ddc8520b7f20b738,25981307,"timestamp,arbitration_id,data_field,attack",timestamp|arbitration_id|data_field|attack,True,False,649177,0,0,0,0,0,0,0,648844,333,0.00051296,0,0,1672531200.0,1672531602.1292191,402.129219,0,0,0.000000000,54,3,3,2,16,2,0,329,multiple,143439,145374,2,0.172004,1672531288.8979571,1672531289.8866789,0.988722,0.003790,1,single_window,0,True,
set_02,test_02_unknown_vehicle_known_attack,test,speed-4.csv,speed,set_02/test_02_unknown_vehicle_known_attack/speed-4.csv,8bef72a087b488cb521013243196f07d4feb26d7dfc0cc234e2f39963cac5757,19603552,"timestamp,arbitration_id,data_field,attack",timestamp|arbitration_id|data_field|attack,True,False,486777,0,0,0,0,0,0,0,486443,334,0.00068615,0,0,1672531200.0,1672531501.4739859,301.473986,0,2,0.000000000,54,3,3,2,16,2,0,323,multiple,149419,151352,2,0.172699,1672531292.6089251,1672531293.5944772,0.985552,0.003954,1,single_window,0,True,
set_02,test_02_unknown_vehicle_known_attack,test,systematic-3.csv,systematic,set_02/test_02_unknown_vehicle_known_attack/systematic-3.csv,ae04b96d563258dc9533acfb60d5da6afef6986e46a8c572dbaa90395f16a45c,40594450,"timestamp,arbitration_id,data_field,attack",timestamp|arbitration_id|data_field|attack,True,False,1012913,0,0,0,0,0,0,0,1003139,9774,0.00964940,605,605,1672531200.0,1672531821.707895,621.707895,0,15,0.000000000,2048,3,3,0,16,2,0,6467,multiple,364021,434647,6,0.138389,1672531425.6023979,1672531463.318119,37.715721,15.350981,4,multiple_windows,0,True,
set_02,test_02_unknown_vehicle_known_attack,test,systematic-4.csv,systematic,set_02/test_02_unknown_vehicle_known_attack/systematic-4.csv,6e7adccb007a15c705362766f99f0533cfefd664c2d9046ed2e3373672503743,49950983,"timestamp,arbitration_id,data_field,attack",timestamp|arbitration_id|data_field|attack,True,False,1235881,0,0,0,0,0,0,0,1233676,2205,0.00178415,131,131,1672531200.0,1672531964.5858982,764.585898,0,5,0.000000000,2048,3,3,0,16,2,0,1577,multiple,354229,360251,4,0.366097,1672531419.5395551,1672531421.9041362,2.364581,0.001252,1,single_window,0,True,
set_02,test_02_unknown_vehicle_known_attack,test,triple-3.csv,triple,set_02/test_02_unknown_vehicle_known_attack/triple-3.csv,ac6b65bedf27fcd5c94c28cbe7cb1912c2fdc4f632854626daff3d5f933c3904,27993164,"timestamp,arbitration_id,data_field,attack",timestamp|arbitration_id|data_field|attack,True,False,697350,0,0,0,0,0,0,0,697212,138,0.00019789,0,0,1672531200.0,1672531632.1014822,432.101482,5,0,0.000050068,54,3,3,2,16,2,0,109,multiple,367261,374983,3,0.017869,1672531427.610255,1672531432.3107541,4.700499,0.103289,1,single_window,0,True,
set_02,test_02_unknown_vehicle_known_attack,test,triple-4.csv,triple,set_02/test_02_unknown_vehicle_known_attack/triple-4.csv,5dd78aff99dcdc0a1a0da0594aeced856c1a605998e311946b341ab28a4efde7,24453962,"timestamp,arbitration_id,data_field,attack",timestamp|arbitration_id|data_field|attack,True,False,610565,0,0,0,0,0,0,0,610370,195,0.00031938,0,0,1672531200.0,1672531578.2782609,378.278261,8,1,0.000087023,54,3,3,2,16,2,0,148,multiple,158345,169314,3,0.017776,1672531298.1369629,1672531304.815958,6.678995,0.103182,1,single_window,0,True,
set_02,test_03_known_vehicle_unknown_attack,test,DoS-3.csv,DoS,set_02/test_03_known_vehicle_unknown_attack/DoS-3.csv,09515cb41fc0885a655e35a28989ecb2b8e02b777253f042491fd7e9abf83106,36972674,"timestamp,arbitration_id,data_field,attack",timestamp|arbitration_id|data_field|attack,True,False,971181,0,0,0,0,0,0,0,957582,13599,0.01400254,0,0,1672531200.0,1672531678.755234,478.755234,31,16,0.000005007,62,3,3,4,16,4,0,7677,multiple,241421,280109,10,0.351495,1672531320.67934,1672531333.2269371,12.547597,0.001803,1,single_window,0,True,
set_02,test_03_known_vehicle_unknown_attack,test,DoS-4.csv,DoS,set_02/test_03_known_vehicle_unknown_attack/DoS-4.csv,c62f504818cbe37d82b44b0f166c8eb1a0aaf109322ec3ec7cf7565190c9c658,19794271,"timestamp,arbitration_id,data_field,attack",timestamp|arbitration_id|data_field|attack,True,False,521593,0,0,0,0,0,0,0,506500,15093,0.02893635,0,0,1672531200.0,1672531453.1484661,253.148466,0,35,0.000000000,62,3,3,4,16,4,0,9033,multiple,179687,221567,10,0.360378,1672531289.8233311,1672531303.216265,13.392934,0.001808,1,single_window,0,True,
set_02,test_03_known_vehicle_unknown_attack,test,force-neutral-3.csv,force-neutral,set_02/test_03_known_vehicle_unknown_attack/force-neutral-3.csv,54fc26671f2a55ba25088599b9b1fe706b49dc37fff4e91c4b1879432d59fde2,160101768,"timestamp,arbitration_id,data_field,attack",timestamp|arbitration_id|data_field|attack,True,False,4210018,0,0,0,0,0,0,0,4209985,33,0.00000784,0,0,1672531200.0,1672533303.8579762,2103.857976,3,0,0.000038147,62,3,3,4,16,4,0,33,multiple,1263890,1296114,1,0.001024,1672531831.5966671,1672531847.6823652,16.085698,0.503749,1,single_window,0,True,
set_02,test_03_known_vehicle_unknown_attack,test,force-neutral-4.csv,force-neutral,set_02/test_03_known_vehicle_unknown_attack/force-neutral-4.csv,94f8b2a16466d0d7c0c788f7a823049d6d94109458eb2d119171906d264bf47c,100792113,"timestamp,arbitration_id,data_field,attack",timestamp|arbitration_id|data_field|attack,True,False,2657027,0,0,0,0,0,0,0,2657010,17,0.00000640,0,0,1672531200.0,1672532528.194572,1328.194572,7,0,0.000083923,62,3,3,4,16,4,0,17,multiple,1281859,1393678,1,0.000152,1672531840.6968591,1672531896.569222,55.872363,10.831940,17,multiple_windows,0,True,
set_02,test_03_known_vehicle_unknown_attack,test,rpm-3.csv,rpm,set_02/test_03_known_vehicle_unknown_attack/rpm-3.csv,cc67c73603f508ab7b057fea5d4f16562f3384ec1cf6c546733e1497b10b7760,47718330,"timestamp,arbitration_id,data_field,attack",timestamp|arbitration_id|data_field|attack,True,False,1254259,0,0,0,0,0,0,0,1254246,13,0.00001036,0,0,1672531200.0,1672531828.3492911,628.349291,3,0,0.000047922,62,3,3,4,16,4,0,13,multiple,565830,585114,1,0.000674,1672531482.8630891,1672531492.494477,9.631388,0.802998,1,single_window,0,True,
set_02,test_03_known_vehicle_unknown_attack,test,rpm-4.csv,rpm,set_02/test_03_known_vehicle_unknown_attack/rpm-4.csv,a04c5f5c449df150832b37e4e81399665474c54e76932523b18fd41604f4ed76,39658058,"timestamp,arbitration_id,data_field,attack",timestamp|arbitration_id|data_field|attack,True,False,1052123,0,0,0,0,0,0,0,1052106,17,0.00001616,0,0,1672531200.0,1672531727.6480639,527.648064,3,0,0.000109911,62,3,3,4,16,4,0,17,multiple,538875,569385,1,0.000557,1672531469.4519141,1672531484.6946449,15.242731,0.953160,1,single_window,0,True,
set_02,test_03_known_vehicle_unknown_attack,test,standstill-3.csv,standstill,set_02/test_03_known_vehicle_unknown_attack/standstill-3.csv,12c2c412b7ea37e7df9cc8f6808382a017c9a49351e0f631a2592e4f6c2350c9,26145407,"timestamp,arbitration_id,data_field,attack",timestamp|arbitration_id|data_field|attack,True,False,686802,0,0,0,0,0,0,0,686796,6,0.00000874,0,0,1672531200.0,1672531571.6702819,371.670282,2,0,0.000130177,62,3,3,4,16,4,0,6,multiple,391195,491305,1,0.000060,1672531422.42689,1672531472.4420681,50.015178,10.003304,6,multiple_windows,0,True,
set_02,test_03_known_vehicle_unknown_attack,test,standstill-4.csv,standstill,set_02/test_03_known_vehicle_unknown_attack/standstill-4.csv,f450cbb09f495b371e87bba3d301a6003a340fe43f1c90a43b670d845332f600,30320520,"timestamp,arbitration_id,data_field,attack",timestamp|arbitration_id|data_field|attack,True,False,797053,0,0,0,0,0,0,0,797040,13,0.00001631,0,0,1672531200.0,1672531599.9655571,399.965557,0,0,0.000000000,62,3,3,4,16,4,0,13,multiple,384336,456439,1,0.000180,1672531392.1236179,1672531428.158695,36.035077,3.003338,13,multiple_windows,0,True,
set_02,test_04_unknown_vehicle_unknown_attack,test,DoS-3.csv,DoS,set_02/test_04_unknown_vehicle_unknown_attack/DoS-3.csv,85ead308d4be63f1a60da97e5ad56d279af205423110b4bf43d082a00f4cb757,11778073,"timestamp,arbitration_id,data_field,attack",timestamp|arbitration_id|data_field|attack,True,False,291582,0,0,0,0,0,0,0,287013,4569,0.01566969,0,0,1672531200.0,1672531377.8777311,177.877731,0,11,0.000000000,54,3,3,2,16,2,0,2495,multiple,60380,71667,9,0.404766,1672531237.419883,1672531241.5883682,4.168485,0.001732,1,single_window,0,True,
set_02,test_04_unknown_vehicle_unknown_attack,test,DoS-4.csv,DoS,set_02/test_04_unknown_vehicle_unknown_attack/DoS-4.csv,2058c8be5fca89c815fec149ceee813ea6d858b4031796a95219eec993a28a88,26293077,"timestamp,arbitration_id,data_field,attack",timestamp|arbitration_id|data_field|attack,True,False,653469,0,0,0,0,0,0,0,643639,9830,0.01504279,0,0,1672531200.0,1672532182.57567,982.575670,0,0,0.000000000,54,3,3,2,16,2,0,1186,multiple,8763,20089,19,0.867838,1672531658.2420411,1672531667.4341111,9.192070,0.001991,1,single_window,0,True,
set_02,test_04_unknown_vehicle_unknown_attack,test,force-neutral-3.csv,force-neutral,set_02/test_04_unknown_vehicle_unknown_attack/force-neutral-3.csv,db03d56afd86d88f7675dc67df814ff28d3d43c2be6936cc326c34ce797bb761,19196850,"timestamp,arbitration_id,data_field,attack",timestamp|arbitration_id|data_field|attack,True,False,479368,0,0,0,0,0,0,0,478124,1244,0.00259508,0,0,1672531200.0,1672531496.3159649,296.315965,0,2,0.000000000,54,3,3,2,16,2,0,1244,multiple,92755,218480,1,0.009895,1672531257.4809179,1672531334.6271839,77.146266,29.554432,4,multiple_windows,0,True,
set_02,test_04_unknown_vehicle_unknown_attack,test,force-neutral-4.csv,force-neutral,set_02/test_04_unknown_vehicle_unknown_attack/force-neutral-4.csv,b8d20162ee2db4c36c3b6ee0343c0ededadd2f342667422aaceb2947ca60a322,34849085,"timestamp,arbitration_id,data_field,attack",timestamp|arbitration_id|data_field|attack,True,False,870399,0,0,0,0,0,0,0,870065,334,0.00038373,0,0,1672531200.0,1672531739.202307,539.202307,0,0,0.000000000,54,3,3,2,16,2,0,287,multiple,461713,463720,3,0.166335,1672531486.133743,1672531487.1648879,1.031145,0.004301,1,single_window,0,True,
set_02,test_04_unknown_vehicle_unknown_attack,test,rpm-3.csv,rpm,set_02/test_04_unknown_vehicle_unknown_attack/rpm-3.csv,3e14a91556ab1061dac4b3df6ee914aa304cf2a58fbd77cb6f638d4a45dbdf52,27688947,"timestamp,arbitration_id,data_field,attack",timestamp|arbitration_id|data_field|attack,True,False,689308,0,0,0,0,0,0,0,688742,566,0.00082111,0,0,1672531200.0,1672531626.8613369,426.861337,0,0,0.000000000,54,3,3,2,16,2,0,500,multiple,397770,401120,3,0.168905,1672531446.5270779,1672531448.2535388,1.726461,0.004132,1,single_window,0,True,
set_02,test_04_unknown_vehicle_unknown_attack,test,rpm-4.csv,rpm,set_02/test_04_unknown_vehicle_unknown_attack/rpm-4.csv,d456f171549ddba8e6b4b188341413baef646c26fffab409e8be56544f0228e4,25863545,"timestamp,arbitration_id,data_field,attack",timestamp|arbitration_id|data_field|attack,True,False,642822,0,0,0,0,0,0,0,641942,880,0.00136896,0,0,1672531200.0,1672531597.8522921,397.852292,0,1,0.000000000,54,3,3,2,16,2,0,857,multiple,332477,375024,2,0.020683,1672531406.0630491,1672531431.8872051,25.824156,6.254671,8,multiple_windows,0,True,
set_02,test_04_unknown_vehicle_unknown_attack,test,standstill-3.csv,standstill,set_02/test_04_unknown_vehicle_unknown_attack/standstill-3.csv,e5413befc9689c04769a395a97e4c25774cfa09fe1dde76b949f27e9c8b05dc6,32472163,"timestamp,arbitration_id,data_field,attack",timestamp|arbitration_id|data_field|attack,True,False,810295,0,0,0,0,0,0,0,809782,513,0.00063310,0,0,1672531200.0,1672531701.8628991,501.862899,0,1,0.000000000,54,3,3,2,16,2,0,431,multiple,396556,398875,4,0.221121,1672531445.768507,1672531446.8897979,1.121291,0.003557,1,single_window,0,True,
set_02,test_04_unknown_vehicle_unknown_attack,test,standstill-4.csv,standstill,set_02/test_04_unknown_vehicle_unknown_attack/standstill-4.csv,df9c4d58bad77f8ae5ac23f23f5e1ced59b6b4952e256db1d86a51c78e0a8671,14179466,"timestamp,arbitration_id,data_field,attack",timestamp|arbitration_id|data_field|attack,True,False,352661,0,0,0,0,0,0,0,352589,72,0.00020416,0,0,1672531200.0,1672531418.523983,218.523983,0,0,0.000000000,50,3,3,2,16,2,0,72,multiple,65458,66942,1,0.048485,1672531240.567569,1672531241.4469121,0.879343,0.013345,1,single_window,0,True,
set_02,train_01,train,accessory-1.csv,accessory,set_02/train_01/accessory-1.csv,62427805f1404dd7632c3d9f56edc70711f9877317091cb720862a0447cab54d,20134969,"timestamp,arbitration_id,data_field,attack",timestamp|arbitration_id|data_field|attack,True,False,529370,0,0,0,0,0,0,0,529370,0,0.00000000,0,0,1672531200.0,1672531464.698437,264.698437,0,0,0.000000000,62,3,3,4,16,4,0,0,none,,,0,,,,,,0,none,0,True,
set_02,train_01,train,accessory-2.csv,accessory,set_02/train_01/accessory-2.csv,e6344c56f303bbcc562f72c82aee9b9c6f4990d1663f57fe841ea963acbbe586,11649554,"timestamp,arbitration_id,data_field,attack",timestamp|arbitration_id|data_field|attack,True,False,307057,0,0,0,0,0,0,0,307057,0,0.00000000,0,0,1672531200.0,1672531353.513159,153.513159,0,0,0.000000000,62,3,3,4,16,4,0,0,none,,,0,,,,,,0,none,0,True,
set_02,train_01,train,attack-free-1.csv,attack-free,set_02/train_01/attack-free-1.csv,67a9f49eaf95f26f9b74b19b37f7f47672ecfb747f6c5ec59ff83da9766e6c13,33719258,"timestamp,arbitration_id,data_field,attack",timestamp|arbitration_id|data_field|attack,True,False,889331,0,0,0,0,0,0,0,889331,0,0.00000000,0,0,1672531200.0,1672531644.58918,444.589180,0,0,0.000000000,62,3,3,4,16,4,0,0,none,,,0,,,,,,0,none,0,True,
set_02,train_01,train,attack-free-2.csv,attack-free,set_02/train_01/attack-free-2.csv,35439b17fc1963905b64d8927e93fd3f9fbd8956c1c6217bf7d0b19e48aa6e19,21757010,"timestamp,arbitration_id,data_field,attack",timestamp|arbitration_id|data_field|attack,True,False,573956,0,0,0,0,0,0,0,573956,0,0.00000000,0,0,1672531200.0,1672531486.8939781,286.893978,0,0,0.000000000,62,3,3,4,16,4,0,0,none,,,0,,,,,,0,none,0,True,
set_02,train_01,train,double-1.csv,double,set_02/train_01/double-1.csv,70bb4ce03b30e2d70caff89f2c9487daa1ea3c286067f19a92115c368b9b5711,41185016,"timestamp,arbitration_id,data_field,attack",timestamp|arbitration_id|data_field|attack,True,False,1092582,0,0,0,0,0,0,0,1087627,4955,0.00453513,0,0,1672531200.0,1672531745.162143,545.162143,73,6,0.000123978,62,3,3,4,16,4,0,3878,multiple,657511,681778,4,0.204178,1672531528.6740351,1672531538.3202281,9.646193,0.004333,1,single_window,0,True,
set_02,train_01,train,double-2.csv,double,set_02/train_01/double-2.csv,9e8b61b1097be54d9f4a0d545839718e2f8c7107017aeb66f459c87ca52b8b4b,17526419,"timestamp,arbitration_id,data_field,attack",timestamp|arbitration_id|data_field|attack,True,False,463001,0,0,0,0,0,0,0,454101,8900,0.01922242,0,0,1672531200.0,1672531454.251147,254.251147,82,15,0.000125885,62,3,3,4,16,4,0,6739,multiple,328645,370037,4,0.215012,1672531391.5215621,1672531407.77563,16.254068,0.004255,1,single_window,0,True,
set_02,train_01,train,fuzzing-1.csv,fuzzing,set_02/train_01/fuzzing-1.csv,e6d2f8117c1d59d9da18cca919939d5499c671ff437948ee59b2ccb189cffae5,46782254,"timestamp,arbitration_id,data_field,attack",timestamp|arbitration_id|data_field|attack,True,False,1235992,0,0,0,0,0,0,0,1122478,113514,0.09184040,7165,7165,1672531200.0,1672531761.2269351,561.226935,0,201,0.000000000,2048,3,3,0,16,2,0,80503,multiple,18430,378803,7,0.314989,1672531209.205003,1672531332.6180511,123.413048,0.001446,1,single_window,0,True,
set_02,train_01,train,fuzzing-2.csv,fuzzing,set_02/train_01/fuzzing-2.csv,b9c68d608824c7328a03bb01b2c223a7b7a5e2819ff6a2b24b4316680878a536,44490428,"timestamp,arbitration_id,data_field,attack",timestamp|arbitration_id|data_field|attack,True,False,1167769,0,0,0,0,0,0,0,1161656,6113,0.00523477,359,359,1672531200.0,1672531780.4120688,580.412069,0,25,0.000000000,1935,3,3,0,16,2,0,6113,multiple,289520,419814,1,0.046917,1672531344.6532998,1672531406.6958768,62.042577,0.010328,1,single_window,0,True,
set_02,train_01,train,interval-1.csv,interval,set_02/train_01/interval-1.csv,eac9c98a5be612bbfa5cb81481de98c3553c4644e8a20b175859cc6cde2c7f53,23948856,"timestamp,arbitration_id,data_field,attack",timestamp|arbitration_id|data_field|attack,True,False,634191,0,0,0,0,0,0,0,619066,15125,0.02384928,0,0,1672531200.0,1672531510.9954219,310.995422,3424,48,0.005339146,62,3,3,4,16,4,0,15125,multiple,12681,632954,1,0.024384,1672531206.4176669,1672531508.8746,302.456933,0.031351,1,single_window,0,True,
set_02,train_01,train,interval-2.csv,interval,set_02/train_01/interval-2.csv,f8cc87d7bb869037d3c681e18df3f855c888e4f2e1bbc019b1b019d85ef8f6ef,62683875,"timestamp,arbitration_id,data_field,attack",timestamp|arbitration_id|data_field|attack,True,False,1653840,0,0,0,0,0,0,0,1652661,1179,0.00071289,0,0,1672531200.0,1672532027.6774971,827.677497,71,2,0.000103951,62,3,3,4,16,4,0,1179,multiple,697022,727645,1,0.038499,1672531548.463572,1672531563.1893911,14.725819,0.018505,1,single_window,0,True,
set_02,train_01,train,speed-1.csv,speed,set_02/train_01/speed-1.csv,0479e4b539c33b40639969fe28b0b47bbdb88fcd3a2264c1fca3becca63fb7c7,99358561,"timestamp,arbitration_id,data_field,attack",timestamp|arbitration_id|data_field|attack,True,False,2619677,0,0,0,0,0,0,0,2619663,14,0.00000534,0,0,1672531200.0,1672532510.740895,1310.740895,6,0,0.000066996,62,3,3,4,16,4,0,14,multiple,1233172,1246263,1,0.001069,1672531816.320147,1672531822.854465,6.534318,0.503033,1,single_window,0,True,
set_02,train_01,train,speed-2.csv,speed,set_02/train_01/speed-2.csv,a2f91f422d35cdda18cf9e17b239251de72e98ed42784176d8e1f6f2b75cfe10,104275419,"timestamp,arbitration_id,data_field,attack",timestamp|arbitration_id|data_field|attack,True,False,2734513,0,0,0,0,0,0,0,2734475,38,0.00001390,0,0,1672531200.0,1672532568.476994,1368.476994,6,0,0.000029087,62,3,3,4,16,4,0,38,multiple,965384,1017432,1,0.000730,1672531682.6068611,1672531708.6037381,25.996877,0.703253,1,single_window,0,True,
set_02,train_01,train,systematic-1.csv,systematic,set_02/train_01/systematic-1.csv,d88b9fdef1de156d4f3afeb10d31e356daf2bef9cc5a662845c3520b9bd5a90f,20551827,"timestamp,arbitration_id,data_field,attack",timestamp|arbitration_id|data_field|attack,True,False,541323,0,0,0,0,0,0,0,504198,37125,0.06858197,2324,2324,1672531200.0,1672531452.1943312,252.194331,0,102,0.000000000,2048,3,3,0,16,2,0,26422,multiple,82939,200842,8,0.314875,1672531241.4836512,1672531281.8796952,40.396044,0.001401,1,single_window,0,True,
set_02,train_01,train,systematic-2.csv,systematic,set_02/train_01/systematic-2.csv,4cda452db291be614bf4a397c028636c534ec6e4acb33a4e65745ac8bf93685e,17343447,"timestamp,arbitration_id,data_field,attack",timestamp|arbitration_id|data_field|attack,True,False,456086,0,0,0,0,0,0,0,453827,2259,0.00495301,134,134,1672531200.0,1672531426.9437308,226.943731,0,6,0.000000000,2048,3,3,0,16,2,0,2259,multiple,106664,154754,1,0.046973,1672531253.3542359,1672531276.2760818,22.921846,0.010379,1,single_window,0,True,
set_02,train_01,train,triple-1.csv,triple,set_02/train_01/triple-1.csv,b0416e85aee36c02308b03a612fdd6277ab13f2772835c8498036b7d53fdc93a,67253172,"timestamp,arbitration_id,data_field,attack",timestamp|arbitration_id|data_field|attack,True,False,1780543,0,0,0,0,0,0,0,1749487,31056,0.01744187,0,0,1672531200.0,1672532074.3636971,874.363697,355,51,0.005810022,62,3,3,4,16,4,0,21680,multiple,344280,470888,6,0.245291,1672531372.0525451,1672531419.7931471,47.740602,0.004465,1,single_window,0,True,
set_02,train_01,train,triple-2.csv,triple,set_02/train_01/triple-2.csv,c77c613f5b4965148ed7c601383025f910b1ca3c9d89044f480e70a4d939e237,24947957,"timestamp,arbitration_id,data_field,attack",timestamp|arbitration_id|data_field|attack,True,False,661579,0,0,0,0,0,0,0,657520,4059,0.00613532,0,0,1672531200.0,1672531528.622719,328.622719,62,5,0.000149012,62,3,3,4,16,4,0,2815,multiple,365742,382154,6,0.247304,1672531382.8246281,1672531388.99967,6.175042,0.003937,1,single_window,0,True,
set_03,test_01_known_vehicle_known_attack,test,DoS-1.csv,DoS,set_03/test_01_known_vehicle_known_attack/DoS-1.csv,613cccc90b4bae9bba57fcc929ab47856e4a1f64a780756596b7af901fc8f2c8,9780523,"timestamp,arbitration_id,data_field,attack",timestamp|arbitration_id|data_field|attack,True,False,252707,0,0,0,0,0,0,0,208924,43783,0.17325598,0,0,1672531200.0,1672531281.256686,81.256686,0,89,0.000000000,99,3,3,2,16,2,0,27881,multiple,13540,147358,6,0.327181,1672531205.2629812,1672531240.2837961,35.020815,0.001932,1,single_window,0,True,
set_03,test_01_known_vehicle_known_attack,test,DoS-2.csv,DoS,set_03/test_01_known_vehicle_known_attack/DoS-2.csv,bfab0551b58064330bf832fa5919ddfd72d36c22f50b59a01ed4d0340cb0f4d9,17055036,"timestamp,arbitration_id,data_field,attack",timestamp|arbitration_id|data_field|attack,True,False,445731,0,0,0,0,0,0,0,391486,54245,0.12169896,0,0,1672531200.0,1672531352.171345,152.171345,0,104,0.000000000,99,3,3,2,16,2,0,32417,multiple,108532,331557,9,0.243223,1672531242.173454,1672531307.7639761,65.590522,22.278128,2,multiple_windows,0,True,
set_03,test_01_known_vehicle_known_attack,test,double-1.csv,double,set_03/test_01_known_vehicle_known_attack/double-1.csv,dff5721a68b7ac0bfca0b511e2b470607b90263d7269bde3b945eaae1fd7d0ff,48119530,"timestamp,arbitration_id,data_field,attack",timestamp|arbitration_id|data_field|attack,True,False,1257705,0,0,0,0,0,0,0,1254632,3073,0.00244334,0,0,1672531200.0,1672531687.7280471,487.728047,60,5,0.000151873,98,3,3,2,16,2,0,2577,multiple,668079,686148,2,0.170061,1672531459.7056851,1672531465.533067,5.827382,0.004171,1,single_window,0,True,
set_03,test_01_known_vehicle_known_attack,test,double-2.csv,double,set_03/test_01_known_vehicle_known_attack/double-2.csv,6971d4b0a554820cbfca2e2218a31c7c2bc3c790775f21ecad5f0ca901a11ea2,34879907,"timestamp,arbitration_id,data_field,attack",timestamp|arbitration_id|data_field|attack,True,False,920226,0,0,0,0,0,0,0,918266,1960,0.00212991,0,0,1672531200.0,1672531557.0358989,357.035899,28,7,0.000172138,98,3,3,2,16,2,0,1594,multiple,391786,403039,4,0.174160,1672531352.3211949,1672531355.931114,3.609919,0.003792,1,single_window,0,True,
set_03,test_01_known_vehicle_known_attack,test,force-neutral-1.csv,force-neutral,set_03/test_01_known_vehicle_known_attack/force-neutral-1.csv,13d169efecfdca6dac6f690183d2880876e8707330a96d195955b631cd0a4b1c,47687878,"timestamp,arbitration_id,data_field,attack",timestamp|arbitration_id|data_field|attack,True,False,1257602,0,0,0,0,0,0,0,1254632,2970,0.00236164,0,0,1672531200.0,1672531687.728138,487.728138,64,7,0.000163078,98,3,3,2,16,2,0,2935,multiple,916640,1011444,2,0.031327,1672531556.345633,1672531592.0507171,35.705084,27.203161,2,multiple_windows,0,True,
set_03,test_01_known_vehicle_known_attack,test,force-neutral-2.csv,force-neutral,set_03/test_01_known_vehicle_known_attack/force-neutral-2.csv,ddb88c617ab4187d3094bd225e3fb3062b45075a1c3367e8d81aa3f2ef53e397,35237942,"timestamp,arbitration_id,data_field,attack",timestamp|arbitration_id|data_field|attack,True,False,918980,0,0,0,0,0,0,0,918266,714,0.00077695,0,0,1672531200.0,1672531557.0362298,357.036230,31,0,0.000129938,98,3,3,2,16,2,0,714,multiple,604528,627506,1,0.031072,1672531435.0421128,1672531443.7018669,8.659754,0.013213,1,single_window,0,True,
set_03,test_01_known_vehicle_known_attack,test,fuzzing-1.csv,fuzzing,set_03/test_01_known_vehicle_known_attack/fuzzing-1.csv,f34e37786f1f7e7577d45af46f419f38c081cfbd7782833ddaa6ea72bb2f6673,40309244,"timestamp,arbitration_id,data_field,attack",timestamp|arbitration_id|data_field|attack,True,False,1059035,0,0,0,0,0,0,0,1008513,50522,0.04770569,3143,3143,1672531200.0,1672531592.2755,392.275500,0,111,0.000000000,2048,3,3,0,16,2,0,42031,multiple,239806,429899,4,0.265774,1672531293.278954,1672531347.562778,54.283824,0.001435,1,single_window,0,True,
set_03,test_01_known_vehicle_known_attack,test,fuzzing-2.csv,fuzzing,set_03/test_01_known_vehicle_known_attack/fuzzing-2.csv,b1a796dab1f0a05bf0fcf10be4d253c5c5c522969ab86967159b59216b6fc3f8,30393790,"timestamp,arbitration_id,data_field,attack",timestamp|arbitration_id|data_field|attack,True,False,793574,0,0,0,0,0,0,0,793021,553,0.00069685,27,27,1672531200.0,1672531508.4618289,308.461829,0,1,0.000000000,563,3,3,0,16,2,0,553,multiple,93347,595441,1,0.001101,1672531236.306798,1672531431.3899529,195.083155,47.637477,5,multiple_windows,0,True,
set_03,test_01_known_vehicle_known_attack,test,triple-1.csv,triple,set_03/test_01_known_vehicle_known_attack/triple-1.csv,3482481b495ce9eb64a5a2f915a77354f888cfcffa0a43c75e51f9d0400c71bc,20128527,"timestamp,arbitration_id,data_field,attack",timestamp|arbitration_id|data_field|attack,True,False,524898,0,0,0,0,0,0,0,522688,2210,0.00421034,0,0,1672531200.0,1672531403.2095292,203.209529,28,3,0.000282049,98,3,3,2,16,2,0,1638,multiple,416522,427274,3,0.205524,1672531361.9236932,1672531365.2472432,3.323550,0.003865,1,single_window,0,True,
set_03,test_01_known_vehicle_known_attack,test,triple-2.csv,triple,set_03/test_01_known_vehicle_known_attack/triple-2.csv,45d7e923c30454fa50ef25be8ede1cad033e08c99ccd3b2b422fba6b0ed24a14,43483949,"timestamp,arbitration_id,data_field,attack",timestamp|arbitration_id|data_field|attack,True,False,1145333,0,0,0,0,0,0,0,1142858,2475,0.00216094,0,0,1672531200.0,1672531644.2384069,444.238407,38,9,0.000133038,98,3,3,2,16,2,0,1884,multiple,534353,546303,3,0.207096,1672531407.683826,1672531411.3767059,3.692880,0.003708,1,single_window,0,True,
set_03,test_02_unknown_vehicle_known_attack,test,DoS-1.csv,DoS,set_03/test_02_unknown_vehicle_known_attack/DoS-1.csv,ba70baaa2e7eae058a9d093bc69125c73e65856ea3eb1faa7494cdcea2fd76bb,25795857,"timestamp,arbitration_id,data_field,attack",timestamp|arbitration_id|data_field|attack,True,False,643807,0,0,0,0,0,0,0,631716,12091,0.01878047,0,0,1672531200.0,1672531591.5302889,391.530289,0,19,0.000000000,55,3,3,2,16,2,0,6641,multiple,236779,265618,8,0.419244,1672531346.7538991,1672531357.1308661,10.376967,0.039632,1,single_window,0,True,
set_03,test_02_unknown_vehicle_known_attack,test,DoS-2.csv,DoS,set_03/test_02_unknown_vehicle_known_attack/DoS-2.csv,8ac793414409eff6476d31cadeb764bf8388491fe690a73cbe9e06751f7523f2,28481072,"timestamp,arbitration_id,data_field,attack",timestamp|arbitration_id|data_field|attack,True,False,709039,0,0,0,0,0,0,0,683731,25308,0.03569338,0,0,1672531200.0,1672531638.7151549,438.715155,0,36,0.000000000,54,3,3,2,16,2,0,14005,multiple,69308,530507,11,0.054874,1672531242.9534581,1672531513.103431,270.149973,67.508952,6,multiple_windows,0,True,
set_03,test_02_unknown_vehicle_known_attack,test,double-1.csv,double,set_03/test_02_unknown_vehicle_known_attack/double-1.csv,cb6e794a3de531e7acf8b9687f348de656fc9a890616fb4da03a02bb33bf9d94,50097196,"timestamp,arbitration_id,data_field,attack",timestamp|arbitration_id|data_field|attack,True,False,1244063,0,0,0,0,0,0,0,1233676,10387,0.00834926,0,0,1672531200.0,1672531964.5854762,764.585476,197,13,0.000198841,54,3,3,2,16,2,0,8020,multiple,217929,377781,4,0.064978,1672531335.057337,1672531427.6968791,92.639542,59.714373,3,multiple_windows,0,True,
set_03,test_02_unknown_vehicle_known_attack,test,double-2.csv,double,set_03/test_02_unknown_vehicle_known_attack/double-2.csv,c592898c200fc387f020fcf2ce673f8fdec12f2dc4dac2ddf7315e00fe5bfd30,27856480,"timestamp,arbitration_id,data_field,attack",timestamp|arbitration_id|data_field|attack,True,False,695540,0,0,0,0,0,0,0,690926,4614,0.00663369,0,0,1672531200.0,1672531628.187381,428.187381,87,10,0.000444889,54,3,3,2,16,2,0,3388,multiple,276815,295953,4,0.241078,1672531371.547169,1672531380.54912,9.001951,0.004037,1,single_window,0,True,
set_03,test_02_unknown_vehicle_known_attack,test,force-neutral-1.csv,force-neutral,set_03/test_02_unknown_vehicle_known_attack/force-neutral-1.csv,c1a10149201f802a6135dd627dcf4fcfebd4f4a048f21b996086ea83c5cc968c,21158090,"timestamp,arbitration_id,data_field,attack",timestamp|arbitration_id|data_field|attack,True,False,527589,0,0,0,0,0,0,0,525869,1720,0.00326011,0,0,1672531200.0,1672531525.9243751,325.924375,0,3,0.000000000,54,3,3,2,16,2,0,1720,multiple,238255,274153,1,0.047912,1672531347.662694,1672531368.8479421,21.185248,0.013460,1,single_window,0,True,
set_03,test_02_unknown_vehicle_known_attack,test,force-neutral-2.csv,force-neutral,set_03/test_02_unknown_vehicle_known_attack/force-neutral-2.csv,c24ae73768ef703f9058287528c301317d0ae1aeedeae06eb24deb3a069081d2,19047891,"timestamp,arbitration_id,data_field,attack",timestamp|arbitration_id|data_field|attack,True,False,475757,0,0,0,0,0,0,0,474378,1379,0.00289854,0,0,1672531200.0,1672531494.009995,294.009995,0,1,0.000000000,54,3,3,2,16,2,0,1117,multiple,294786,302971,3,0.168458,1672531382.6961889,1672531386.9180241,4.221835,0.004395,1,single_window,0,True,
set_03,test_02_unknown_vehicle_known_attack,test,fuzzing-1.csv,fuzzing,set_03/test_02_unknown_vehicle_known_attack/fuzzing-1.csv,4d3db9215b3a76c6dee481a154dc32cd4e106f7abeb61a5d7b388479c5d59e2c,26438538,"timestamp,arbitration_id,data_field,attack",timestamp|arbitration_id|data_field|attack,True,False,660170,0,0,0,0,0,0,0,631716,28454,0.04310102,1837,1837,1672531200.0,1672531591.529839,391.529839,0,42,0.000000000,2048,3,3,0,16,2,0,18559,multiple,299438,563357,7,0.107813,1672531385.5848498,1672531531.528547,145.943697,96.077264,3,multiple_windows,0,True,
set_03,test_02_unknown_vehicle_known_attack,test,fuzzing-2.csv,fuzzing,set_03/test_02_unknown_vehicle_known_attack/fuzzing-2.csv,00c41be1a38f99d324aecac8b95f09569dcc4d42ef27e8af02fa2dcd4784c81f,26107792,"timestamp,arbitration_id,data_field,attack",timestamp|arbitration_id|data_field|attack,True,False,650196,0,0,0,0,0,0,0,643639,6557,0.01008465,434,434,1672531200.0,1672532182.5758541,982.575854,0,8,0.000000000,1961,3,3,0,16,2,0,5184,multiple,9205,95872,991,0.075657,1672531660.9486132,1672531839.03601,178.087397,111.548140,2,multiple_windows,0,True,
set_03,test_02_unknown_vehicle_known_attack,test,triple-1.csv,triple,set_03/test_02_unknown_vehicle_known_attack/triple-1.csv,a20dca9b3342ffcc04c5d09e4056104d7e783b563a079c34e209b35c9b217bd1,22022316,"timestamp,arbitration_id,data_field,attack",timestamp|arbitration_id|data_field|attack,True,False,544385,0,0,0,0,0,0,0,491468,52917,0.09720510,0,0,1672531200.0,1672531504.5881381,304.588138,821,62,0.000590801,54,3,3,2,16,2,0,35612,multiple,167121,356031,6,0.280116,1672531303.5684719,1672531387.854481,84.286009,0.004178,1,single_window,0,True,
set_03,test_02_unknown_vehicle_known_attack,test,triple-2.csv,triple,set_03/test_02_unknown_vehicle_known_attack/triple-2.csv,3d46aaada8ed35e5823d39393d514bf94cac429f9a03d1b60081aa82954e2780,28462391,"timestamp,arbitration_id,data_field,attack",timestamp|arbitration_id|data_field|attack,True,False,703688,0,0,0,0,0,0,0,690926,12762,0.01813588,0,0,1672531200.0,1672531628.1874239,428.187424,202,24,0.000159979,54,3,3,2,16,2,0,8721,multiple,215090,574890,5,0.035470,1672531333.293561,1672531548.3691068,215.075546,130.892709,3,multiple_windows,0,True,
set_03,test_03_known_vehicle_unknown_attack,test,interval-1.csv,interval,set_03/test_03_known_vehicle_unknown_attack/interval-1.csv,42499589968fa5d6332bb479b3a4c24af99ae2d52a85fb12877d9c80d8560e14,36111498,"timestamp,arbitration_id,data_field,attack",timestamp|arbitration_id|data_field|attack,True,False,950657,0,0,0,0,0,0,0,943319,7338,0.00771887,0,0,1672531200.0,1672531566.811969,366.811969,0,0,0.000000000,98,3,3,2,16,2,0,3669,multiple,154,950575,2,0.007721,1672531200.05839,1672531566.7775459,366.719156,0.102630,1,single_window,0,True,
set_03,test_03_known_vehicle_unknown_attack,test,interval-2.csv,interval,set_03/test_03_known_vehicle_unknown_attack/interval-2.csv,6cfbccd8838092302886363aa1afe85b947d802b182edfab6ad33776a465b777,38619635,"timestamp,arbitration_id,data_field,attack",timestamp|arbitration_id|data_field|attack,True,False,1009145,0,0,0,0,0,0,0,1008513,632,0.00062627,0,0,1672531200.0,1672531592.275131,392.275131,0,0,0.000000000,98,3,3,2,16,2,0,316,multiple,41546,924304,2,0.000716,1672531216.1592081,1672531559.275779,343.116571,113.304780,6,multiple_windows,0,True,
set_03,test_03_known_vehicle_unknown_attack,test,rpm-1.csv,rpm,set_03/test_03_known_vehicle_unknown_attack/rpm-1.csv,61b3cf335539ef0d0a023ef3cf357711c0e9d86f634bf5f63dd977262e9a118b,19991280,"timestamp,arbitration_id,data_field,attack",timestamp|arbitration_id|data_field|attack,True,False,524212,0,0,0,0,0,0,0,522688,1524,0.00290722,0,0,1672531200.0,1672531403.2086239,203.208624,32,3,0.000077009,98,3,3,2,16,2,0,1503,multiple,251057,264024,2,0.117520,1672531297.587472,1672531302.037571,4.450099,0.004151,1,single_window,0,True,
set_03,test_03_known_vehicle_unknown_attack,test,rpm-2.csv,rpm,set_03/test_03_known_vehicle_unknown_attack/rpm-2.csv,c6c9d0508c4b4a077f9e8f23eb90a7fa53f43b62d84f1aca338854176d587ace,43556158,"timestamp,arbitration_id,data_field,attack",timestamp|arbitration_id|data_field|attack,True,False,1143081,0,0,0,0,0,0,0,1142858,223,0.00019509,0,0,1672531200.0,1672531644.238626,444.238626,20,1,0.000123262,98,3,3,2,16,2,0,223,multiple,740015,747496,1,0.029805,1672531487.650609,1672531490.4833388,2.832730,0.013709,1,single_window,0,True,
set_03,test_03_known_vehicle_unknown_attack,test,rpm-accessory-1.csv,rpm-accessory,set_03/test_03_known_vehicle_unknown_attack/rpm-accessory-1.csv,981dabcbffb39d2dc814749cc541cb12a2076cc64963c1f6b43ffc4a690d4a81,6301600,"timestamp,arbitration_id,data_field,attack",timestamp|arbitration_id|data_field|attack,True,False,166162,0,0,0,0,0,0,0,166134,28,0.00016851,0,0,1672531200.0,1672531264.618526,64.618526,1,0,0.000031948,98,3,3,2,16,2,0,28,multiple,6907,76547,1,0.000402,1672531202.6821871,1672531229.759927,27.077740,1.003897,28,multiple_windows,0,True,
set_03,test_03_known_vehicle_unknown_attack,test,rpm-accessory-2.csv,rpm-accessory,set_03/test_03_known_vehicle_unknown_attack/rpm-accessory-2.csv,c1e3b545cb3f972615e6aea54674210ebb5eedb8b23dfd1fe68660f4a31e4579,5718844,"timestamp,arbitration_id,data_field,attack",timestamp|arbitration_id|data_field|attack,True,False,149740,0,0,0,0,0,0,0,149710,30,0.00020035,0,0,1672531200.0,1672531258.224544,58.224544,1,0,0.000047922,98,3,3,2,16,2,0,30,multiple,17214,91990,1,0.000401,1672531206.685683,1672531235.7623451,29.076662,1.003322,30,multiple_windows,0,True,
set_03,test_03_known_vehicle_unknown_attack,test,speed-1.csv,speed,set_03/test_03_known_vehicle_unknown_attack/speed-1.csv,9e8896f38614b4a0a65ac28c4c124f718a3d75961459a7789c9e59be31c33fe4,47698202,"timestamp,arbitration_id,data_field,attack",timestamp|arbitration_id|data_field|attack,True,False,1255235,0,0,0,0,0,0,0,1254632,603,0.00048039,0,0,1672531200.0,1672531687.727381,487.727381,12,1,0.000102043,98,3,3,2,16,2,0,603,multiple,739085,758292,1,0.031393,1672531487.305779,1672531494.537297,7.231518,0.012971,1,single_window,0,True,
set_03,test_03_known_vehicle_unknown_attack,test,speed-2.csv,speed,set_03/test_03_known_vehicle_unknown_attack/speed-2.csv,8490cacc28811d8d42c51730c84beff220412892c6cc7350b33f487c6e62f96c,34863874,"timestamp,arbitration_id,data_field,attack",timestamp|arbitration_id|data_field|attack,True,False,919087,0,0,0,0,0,0,0,918266,821,0.00089328,0,0,1672531200.0,1672531557.036443,357.036443,19,5,0.000146866,98,3,3,2,16,2,0,821,multiple,784252,810370,1,0.031433,1672531504.929018,1672531514.7632771,9.834259,0.013019,1,single_window,0,True,
set_03,test_03_known_vehicle_unknown_attack,test,speed-accessory-1.csv,speed-accessory,set_03/test_03_known_vehicle_unknown_attack/speed-accessory-1.csv,9179c3769ac805fcc8a3dd4830ed1a1d8943b399d265919351f627c78703e0b7,6494350,"timestamp,arbitration_id,data_field,attack",timestamp|arbitration_id|data_field|attack,True,False,170115,0,0,0,0,0,0,0,166134,3981,0.02340182,0,0,1672531200.0,1672531264.6178908,64.617891,55,7,0.000083923,98,3,3,2,16,2,0,3868,multiple,130134,163175,2,0.120483,1672531250.6148541,1672531261.92253,11.307676,0.004143,1,single_window,0,True,
set_03,test_03_known_vehicle_unknown_attack,test,speed-accessory-2.csv,speed-accessory,set_03/test_03_known_vehicle_unknown_attack/speed-accessory-2.csv,9a5cea5a4134e9873c066a4896fdce4938c5343510934c71c1f8ec2a01c0c67b,5716613,"timestamp,arbitration_id,data_field,attack",timestamp|arbitration_id|data_field|attack,True,False,149831,0,0,0,0,0,0,0,149710,121,0.00080758,0,0,1672531200.0,1672531258.224952,58.224952,5,0,0.000028849,98,3,3,2,16,2,0,121,multiple,94486,126148,1,0.003821,1672531236.748724,1672531249.0160792,12.267355,0.103370,1,single_window,0,True,
set_03,test_03_known_vehicle_unknown_attack,test,standstill-1.csv,standstill,set_03/test_03_known_vehicle_unknown_attack/standstill-1.csv,31aea31368aab8b752af9171bdf0251d17154317a4f619e71f518c6ae3531a5e,19907126,"timestamp,arbitration_id,data_field,attack",timestamp|arbitration_id|data_field|attack,True,False,524245,0,0,0,0,0,0,0,522688,1557,0.00296999,0,0,1672531200.0,1672531403.2089219,203.208922,36,4,0.000030041,98,3,3,2,16,2,0,1535,multiple,247942,260995,2,0.119274,1672531296.3766241,1672531300.844594,4.467970,0.003892,1,single_window,0,True,
set_03,test_03_known_vehicle_unknown_attack,test,standstill-2.csv,standstill,set_03/test_03_known_vehicle_unknown_attack/standstill-2.csv,013908f69690a7d4c031414068beb149b31fadf9783ef3cf27769525c6c45472,43445690,"timestamp,arbitration_id,data_field,attack",timestamp|arbitration_id|data_field|attack,True,False,1143404,0,0,0,0,0,0,0,1142858,546,0.00047752,0,0,1672531200.0,1672531644.238764,444.238764,14,0,0.000078917,98,3,3,2,16,2,0,546,multiple,714309,731770,1,0.031268,1672531477.6532919,1672531484.2382531,6.584961,0.013106,1,single_window,0,True,
set_03,test_03_known_vehicle_unknown_attack,test,systematic-1.csv,systematic,set_03/test_03_known_vehicle_unknown_attack/systematic-1.csv,eaf6b5a45b6ad96ebe048366bade245840e956ed171ab90edffb190d4fa47032,29763272,"timestamp,arbitration_id,data_field,attack",timestamp|arbitration_id|data_field|attack,True,False,776168,0,0,0,0,0,0,0,775672,496,0.00063904,30,30,1672531200.0,1672531501.711766,301.711766,0,4,0.000000000,548,3,3,0,16,2,0,496,multiple,215565,343440,1,0.003879,1672531283.8448222,1672531333.3929262,49.548104,0.100248,1,single_window,0,True,
set_03,test_03_known_vehicle_unknown_attack,test,systematic-2.csv,systematic,set_03/test_03_known_vehicle_unknown_attack/systematic-2.csv,c32557dff2d726c5595ffa3b0552c2ddfaa490ea553a373667e0f370239476f6,21678193,"timestamp,arbitration_id,data_field,attack",timestamp|arbitration_id|data_field|attack,True,False,566869,0,0,0,0,0,0,0,566617,252,0.00044455,12,12,1672531200.0,1672531420.3914931,220.391493,0,2,0.000000000,339,3,3,0,16,2,0,252,multiple,76796,399760,1,0.000780,1672531229.8703792,1672531355.3955419,125.525163,0.500216,1,single_window,0,True,
set_03,test_04_unknown_vehicle_unknown_attack,test,interval-1.csv,interval,set_03/test_04_unknown_vehicle_unknown_attack/interval-1.csv,bae034158b49ac5d63875c139704a98c25ddb5a322904fa854de585cfe5505c2,34641107,"timestamp,arbitration_id,data_field,attack",timestamp|arbitration_id|data_field|attack,True,False,857154,0,0,0,0,0,0,0,765470,91684,0.10696328,0,0,1672531200.0,1672531674.4132152,474.413215,0,0,0.000000000,54,3,3,2,16,2,0,22918,multiple,26406,857150,8,0.110364,1672531216.362911,1672531674.4125619,458.049651,0.021782,1,single_window,0,True,
set_03,test_04_unknown_vehicle_unknown_attack,test,interval-2.csv,interval,set_03/test_04_unknown_vehicle_unknown_attack/interval-2.csv,4c0d7fd5fabc804dc81ba8949242f0057bd1ab5c09dcc975d56e336cec41d19a,18663978,"timestamp,arbitration_id,data_field,attack",timestamp|arbitration_id|data_field|attack,True,False,465145,0,0,0,0,0,0,0,451553,13592,0.02922100,0,0,1672531200.0,1672531479.8452291,279.845229,0,1,0.000000000,54,3,3,2,16,2,0,13591,multiple,12990,465136,2,0.030061,1672531208.0475671,1672531479.8421791,271.794612,0.021618,1,single_window,0,True,
set_03,test_04_unknown_vehicle_unknown_attack,test,rpm-1.csv,rpm,set_03/test_04_unknown_vehicle_unknown_attack/rpm-1.csv,ed1de9001aadceb830229bf8a831106e2b5b06bfbf33870d1bc4dc92087705f4,19720399,"timestamp,arbitration_id,data_field,attack",timestamp|arbitration_id|data_field|attack,True,False,488528,0,0,0,0,0,0,0,483698,4830,0.00988684,0,0,1672531200.0,1672531499.769563,299.769563,0,11,0.000000000,54,3,3,2,16,2,0,4575,multiple,92808,446979,2,0.013637,1672531257.5209908,1672531474.0208838,216.499893,56.281857,5,multiple_windows,0,True,
set_03,test_04_unknown_vehicle_unknown_attack,test,rpm-2.csv,rpm,set_03/test_04_unknown_vehicle_unknown_attack/rpm-2.csv,8d69e9a2f72ded996c7c9284e257855a06825bb2d9aa1e285fbb5458c6826229,22946502,"timestamp,arbitration_id,data_field,attack",timestamp|arbitration_id|data_field|attack,True,False,569888,0,0,0,0,0,0,0,569420,468,0.00082121,0,0,1672531200.0,1672531552.905797,352.905797,0,1,0.000000000,54,3,3,2,16,2,0,468,multiple,142970,220769,1,0.006015,1672531288.610544,1672531336.536608,47.926064,0.103663,1,single_window,0,True,
set_03,test_04_unknown_vehicle_unknown_attack,test,rpm-accessory-1.csv,rpm-accessory,set_03/test_04_unknown_vehicle_unknown_attack/rpm-accessory-1.csv,0b2cd22e6efa958e9f6eaad0c413dc96c01fc9a917a73c0c4695951633d164b1,5220106,"timestamp,arbitration_id,data_field,attack",timestamp|arbitration_id|data_field|attack,True,False,129817,0,0,0,0,0,0,0,128469,1348,0.01038385,0,0,1672531200.0,1672531279.615557,79.615557,0,1,0.000000000,54,3,3,2,16,2,0,1344,multiple,41499,49822,2,0.161941,1672531225.7089229,1672531230.035362,4.326439,0.004402,1,single_window,0,True,
set_03,test_04_unknown_vehicle_unknown_attack,test,rpm-accessory-2.csv,rpm-accessory,set_03/test_04_unknown_vehicle_unknown_attack/rpm-accessory-2.csv,f7ff3cd2997991fbefb483bf9bd72a54ec49e3af707785fbdf1c20bafea5e192,5596879,"timestamp,arbitration_id,data_field,attack",timestamp|arbitration_id|data_field|attack,True,False,138381,0,0,0,0,0,0,0,138166,215,0.00155368,0,0,1672531200.0,1672531285.633497,85.633497,0,0,0.000000000,50,3,3,2,16,2,0,215,multiple,13433,49014,1,0.006042,1672531208.3241048,1672531230.247725,21.923620,0.103404,1,single_window,0,True,
set_03,test_04_unknown_vehicle_unknown_attack,test,speed-1.csv,speed,set_03/test_04_unknown_vehicle_unknown_attack/speed-1.csv,7b9b7973e083836d17f0cbb57591028029991db4569c020f8cf4c5ee9bfc337d,30421072,"timestamp,arbitration_id,data_field,attack",timestamp|arbitration_id|data_field|attack,True,False,757055,0,0,0,0,0,0,0,744180,12875,0.01700669,0,0,1672531200.0,1672531661.208904,461.208904,0,18,0.000000000,54,3,3,2,16,2,0,12236,multiple,91976,744255,3,0.019738,1672531256.99752,1672531653.2766368,396.279117,99.589444,6,multiple_windows,0,True,
set_03,test_04_unknown_vehicle_unknown_attack,test,speed-2.csv,speed,set_03/test_04_unknown_vehicle_unknown_attack/speed-2.csv,34dc42612af9a77306650262741429321e73547f9febe2bc8fee30e909c3bd64,28643415,"timestamp,arbitration_id,data_field,attack",timestamp|arbitration_id|data_field|attack,True,False,714871,0,0,0,0,0,0,0,713513,1358,0.00189964,0,0,1672531200.0,1672531642.2079279,442.207928,0,2,0.000000000,54,3,3,2,16,2,0,1276,multiple,145984,614993,2,0.002895,1672531290.477051,1672531580.308507,289.831456,88.671313,5,multiple_windows,0,True,
set_03,test_04_unknown_vehicle_unknown_attack,test,speed-accessory-1.csv,speed-accessory,set_03/test_04_unknown_vehicle_unknown_attack/speed-accessory-1.csv,ff264d1b07da2d34c5ddf4386e485863b9ed628f2878dc1adfb3edd20e2d4273,10558989,"timestamp,arbitration_id,data_field,attack",timestamp|arbitration_id|data_field|attack,True,False,262041,0,0,0,0,0,0,0,260611,1430,0.00545716,0,0,1672531200.0,1672531361.5246949,161.524695,0,4,0.000000000,50,3,3,2,16,2,0,1430,multiple,11308,43213,1,0.044819,1672531207.0052428,1672531225.8987441,18.893501,0.014174,1,single_window,0,True,
set_03,test_04_unknown_vehicle_unknown_attack,test,speed-accessory-2.csv,speed-accessory,set_03/test_04_unknown_vehicle_unknown_attack/speed-accessory-2.csv,55b79b9c9493ce35bb9b39f73b74e44d3a0373a1f42c33398a82f0702f2c6ab8,6647294,"timestamp,arbitration_id,data_field,attack",timestamp|arbitration_id|data_field|attack,True,False,164771,0,0,0,0,0,0,0,164681,90,0.00054621,0,0,1672531200.0,1672531302.0663519,102.066352,0,0,0.000000000,54,3,3,2,16,2,0,80,multiple,18135,18669,3,0.168224,1672531211.241307,1672531211.5145888,0.273282,0.003955,1,single_window,0,True,
set_03,test_04_unknown_vehicle_unknown_attack,test,standstill-1.csv,standstill,set_03/test_04_unknown_vehicle_unknown_attack/standstill-1.csv,15926e6cb364f9e1ed73f3cc5481044bdc87b01c9535f25c2619695689036889,12404934,"timestamp,arbitration_id,data_field,attack",timestamp|arbitration_id|data_field|attack,True,False,306189,0,0,0,0,0,0,0,298327,7862,0.02567695,0,0,1672531200.0,1672531384.897017,184.897017,0,12,0.000000000,50,3,3,2,16,2,0,6872,multiple,26623,73066,3,0.169279,1672531216.4979031,1672531240.411025,23.913122,0.004379,1,single_window,0,True,
set_03,test_04_unknown_vehicle_unknown_attack,test,standstill-2.csv,standstill,set_03/test_04_unknown_vehicle_unknown_attack/standstill-2.csv,7dbd5df9d928149f89c4532a523426d80d74e24f69b37f1f554c1e6622c441df,35735469,"timestamp,arbitration_id,data_field,attack",timestamp|arbitration_id|data_field|attack,True,False,892327,0,0,0,0,0,0,0,889966,2361,0.00264589,0,0,1672531200.0,1672531751.556603,551.556603,0,5,0.000000000,54,3,3,2,16,2,0,2331,multiple,417759,432138,2,0.164186,1672531458.90474,1672531466.3542271,7.449487,0.004843,1,single_window,0,True,
set_03,test_04_unknown_vehicle_unknown_attack,test,systematic-1.csv,systematic,set_03/test_04_unknown_vehicle_unknown_attack/systematic-1.csv,fe44285f29d4d59d1b75f8884ca8a7331aac6fdf341cb3c4bd90f4b8e40f30f7,20886277,"timestamp,arbitration_id,data_field,attack",timestamp|arbitration_id|data_field|attack,True,False,519433,0,0,0,0,0,0,0,509965,9468,0.01822757,567,567,1672531200.0,1672531516.0603859,316.060386,0,9,0.000000000,2048,3,3,0,16,2,0,6448,multiple,57962,83830,6,0.365998,1672531235.9217708,1672531246.0948138,10.173043,0.001239,1,single_window,0,True,
set_03,test_04_unknown_vehicle_unknown_attack,test,systematic-2.csv,systematic,set_03/test_04_unknown_vehicle_unknown_attack/systematic-2.csv,7f1cdfd5af58d2fb062ec01bd636fad67399567762bfed147173fec67ad5a560,25236201,"timestamp,arbitration_id,data_field,attack",timestamp|arbitration_id|data_field|attack,True,False,630419,0,0,0,0,0,0,0,628052,2367,0.00375465,159,159,1672531200.0,1672531589.2463441,389.246344,0,11,0.000000000,2048,3,3,0,16,2,0,2367,multiple,74311,115259,1,0.057804,1672531246.05507,1672531269.965481,23.910411,0.010304,1,single_window,0,True,
set_03,train_01,train,accessory-3.csv,accessory,set_03/train_01/accessory-3.csv,a852a97e77dd52aedc3bc5b7c8da26fa1301e523ae317c39da8f5ddb27d28017,8227506,"timestamp,arbitration_id,data_field,attack",timestamp|arbitration_id|data_field|attack,True,False,216573,0,0,0,0,0,0,0,216573,0,0.00000000,0,0,1672531200.0,1672531284.2361109,84.236111,0,0,0.000000000,98,3,3,2,16,2,0,0,none,,,0,,,,,,0,none,0,True,
set_03,train_01,train,accessory-4.csv,accessory,set_03/train_01/accessory-4.csv,6d5e8e63931a46a30dbb433485f9c576e2cd09f007a84bf21b370994447f24ff,16994933,"timestamp,arbitration_id,data_field,attack",timestamp|arbitration_id|data_field|attack,True,False,446433,0,0,0,0,0,0,0,446433,0,0.00000000,0,0,1672531200.0,1672531373.644027,173.644027,0,0,0.000000000,98,3,3,2,16,2,0,0,none,,,0,,,,,,0,none,0,True,
set_03,train_01,train,attack-free-3.csv,attack-free,set_03/train_01/attack-free-3.csv,058cdaf94c7cea2fb06aca594bba2e063e3fcf6339ec85f9643dfa90c4d16192,65768839,"timestamp,arbitration_id,data_field,attack",timestamp|arbitration_id|data_field|attack,True,False,1711471,0,0,0,0,0,0,0,1711471,0,0.00000000,0,0,1672531200.0,1672531866.5693719,666.569372,0,0,0.000000000,98,3,3,2,16,2,0,0,none,,,0,,,,,,0,none,0,True,
set_03,train_01,train,attack-free-4.csv,attack-free,set_03/train_01/attack-free-4.csv,e233edf7aee67e0fe3d8c217a6611058da5755d1642e1249b8d7ed533db79d2c,49512315,"timestamp,arbitration_id,data_field,attack",timestamp|arbitration_id|data_field|attack,True,False,1295306,0,0,0,0,0,0,0,1295306,0,0.00000000,0,0,1672531200.0,1672531703.8911331,503.891133,0,0,0.000000000,98,3,3,2,16,2,0,0,none,,,0,,,,,,0,none,0,True,
set_03,train_01,train,DoS-3.csv,DoS,set_03/train_01/DoS-3.csv,543c7f0f3218657a09fe7bc9fb7c95591725ec3832998323b68d2a9c8e754204,42431037,"timestamp,arbitration_id,data_field,attack",timestamp|arbitration_id|data_field|attack,True,False,1100971,0,0,0,0,0,0,0,943319,157652,0.14319360,0,0,1672531200.0,1672531566.812345,366.812345,0,324,0.000000000,98,3,3,2,16,2,0,96234,multiple,146527,629842,8,0.326188,1672531256.9665091,1672531383.576138,126.609629,0.004746,1,single_window,0,True,
set_03,train_01,train,DoS-4.csv,DoS,set_03/train_01/DoS-4.csv,2f059858b0b25520befd23f00d5558ae2714eba72b540357465608ff6ebbde8c,26343887,"timestamp,arbitration_id,data_field,attack",timestamp|arbitration_id|data_field|attack,True,False,689028,0,0,0,0,0,0,0,683104,5924,0.00859762,0,0,1672531200.0,1672531465.599287,265.599287,0,12,0.000000000,98,3,3,2,16,2,0,3659,multiple,273200,291448,8,0.324621,1672531306.1731398,1672531310.96376,4.790620,0.001677,1,single_window,0,True,
set_03,train_01,train,double-3.csv,double,set_03/train_01/double-3.csv,4fe234bb64647e7bcdd7d662b2c079e9726135c78d1d3046ce7ce3d7ea49759a,17242768,"timestamp,arbitration_id,data_field,attack",timestamp|arbitration_id|data_field|attack,True,False,449725,0,0,0,0,0,0,0,449429,296,0.00065818,0,0,1672531200.0,1672531374.707103,174.707103,7,2,0.000079155,98,3,3,2,16,2,0,247,multiple,197471,202622,2,0.057453,1672531276.7647102,1672531278.6567121,1.892002,0.012871,1,single_window,0,True,
set_03,train_01,train,double-4.csv,double,set_03/train_01/double-4.csv,bdfd582e641ede956892c720a416889ca217a7c8c8863f7b8876cb4837209705,62773392,"timestamp,arbitration_id,data_field,attack",timestamp|arbitration_id|data_field|attack,True,False,1646538,0,0,0,0,0,0,0,1646182,356,0.00021621,0,0,1672531200.0,1672531839.9697368,639.969737,4,0,0.000060797,98,3,3,2,16,2,0,287,multiple,861186,867356,2,0.057689,1672531534.8092029,1672531537.069742,2.260539,0.012930,1,single_window,0,True,
set_03,train_01,train,force-neutral-3.csv,force-neutral,set_03/train_01/force-neutral-3.csv,be45ea3adc7dc010ff83218cf7ccd7f5a615999476f6b40e5946220dca198bc3,17064422,"timestamp,arbitration_id,data_field,attack",timestamp|arbitration_id|data_field|attack,True,False,449461,0,0,0,0,0,0,0,449429,32,0.00007120,0,0,1672531200.0,1672531374.70668,174.706680,1,0,0.000130177,98,3,3,2,16,2,0,32,multiple,293970,302153,1,0.003910,1672531314.274,1672531317.448314,3.174314,0.103117,1,single_window,0,True,
set_03,train_01,train,force-neutral-4.csv,force-neutral,set_03/train_01/force-neutral-4.csv,2b7b9c19741b51cfb413daeb864cfc50d17a45293066d967e6033ddd4799c94e,62637610,"timestamp,arbitration_id,data_field,attack",timestamp|arbitration_id|data_field|attack,True,False,1646238,0,0,0,0,0,0,0,1646182,56,0.00003402,0,0,1672531200.0,1672531839.9689679,639.968968,5,0,0.000057936,98,3,3,2,16,2,0,56,multiple,916174,930700,1,0.003855,1672531556.1774449,1672531561.8115489,5.634104,0.103220,1,single_window,0,True,
set_03,train_01,train,fuzzing-3.csv,fuzzing,set_03/train_01/fuzzing-3.csv,7859e38534232f58fb066d76ec3b8e8bc8767332166c8e159cf81547d98d547e,11292970,"timestamp,arbitration_id,data_field,attack",timestamp|arbitration_id|data_field|attack,True,False,296365,0,1,0,0,0,1,0,292517,3848,0.01298399,237,237,1672531200.0,1672531313.78568,113.785680,0,2,0.000000000,1756,3,3,0,17,2,1,3077,multiple,17,125857,5,0.030578,1672531200.0035541,1672531247.4595962,47.456042,43.341905,2,multiple_windows,0,True,
set_03,train_01,train,fuzzing-4.csv,fuzzing,set_03/train_01/fuzzing-4.csv,e14949c9bfd3bbb4883c2f997709a5c35cd294ad96ca57ed4ad4f5ba968d75dc,30393754,"timestamp,arbitration_id,data_field,attack",timestamp|arbitration_id|data_field|attack,True,False,795457,0,0,0,0,0,0,0,795285,172,0.00021623,12,12,1672531200.0,1672531509.64372,309.643720,0,1,0.000000000,257,3,3,0,16,2,0,172,multiple,452223,496404,1,0.003893,1672531376.1473,1672531393.2652791,17.117979,0.100208,1,single_window,0,True,
set_03,train_01,train,triple-3.csv,triple,set_03/train_01/triple-3.csv,b3aa7b898e4cf94183ccece5a827cb6da45b966fbe44c725a141d2852fa18b3a,24267026,"timestamp,arbitration_id,data_field,attack",timestamp|arbitration_id|data_field|attack,True,False,635673,0,0,0,0,0,0,0,635271,402,0.00063240,0,0,1672531200.0,1672531446.9789741,246.978974,10,3,0.000095129,98,3,3,2,16,2,0,312,multiple,380250,385420,3,0.077741,1672531347.843117,1672531349.691658,1.848541,0.012967,1,single_window,0,True,
set_03,train_01,train,triple-4.csv,triple,set_03/train_01/triple-4.csv,178654eb870cc52b8216ad225f33a41a145fa2aea9a1c0cb471b00e8a1a7e65c,24693880,"timestamp,arbitration_id,data_field,attack",timestamp|arbitration_id|data_field|attack,True,False,646528,0,0,0,0,0,0,0,645587,941,0.00145547,0,0,1672531200.0,1672531451.0405791,251.040579,14,2,0.000084162,98,3,3,2,16,2,0,736,multiple,439505,451387,3,0.079189,1672531370.902751,1672531375.1589072,4.256156,0.013410,1,single_window,0,True,
set_04,test_01_known_vehicle_known_attack,test,interval-1.csv,interval,set_04/test_01_known_vehicle_known_attack/interval-1.csv,bae034158b49ac5d63875c139704a98c25ddb5a322904fa854de585cfe5505c2,34641107,"timestamp,arbitration_id,data_field,attack",timestamp|arbitration_id|data_field|attack,True,False,857154,0,0,0,0,0,0,0,765470,91684,0.10696328,0,0,1672531200.0,1672531674.4132152,474.413215,0,0,0.000000000,54,3,3,2,16,2,0,22918,multiple,26406,857150,8,0.110364,1672531216.362911,1672531674.4125619,458.049651,0.021782,1,single_window,0,True,
set_04,test_01_known_vehicle_known_attack,test,interval-2.csv,interval,set_04/test_01_known_vehicle_known_attack/interval-2.csv,4c0d7fd5fabc804dc81ba8949242f0057bd1ab5c09dcc975d56e336cec41d19a,18663978,"timestamp,arbitration_id,data_field,attack",timestamp|arbitration_id|data_field|attack,True,False,465145,0,0,0,0,0,0,0,451553,13592,0.02922100,0,0,1672531200.0,1672531479.8452291,279.845229,0,1,0.000000000,54,3,3,2,16,2,0,13591,multiple,12990,465136,2,0.030061,1672531208.0475671,1672531479.8421791,271.794612,0.021618,1,single_window,0,True,
set_04,test_01_known_vehicle_known_attack,test,rpm-1.csv,rpm,set_04/test_01_known_vehicle_known_attack/rpm-1.csv,ed1de9001aadceb830229bf8a831106e2b5b06bfbf33870d1bc4dc92087705f4,19720399,"timestamp,arbitration_id,data_field,attack",timestamp|arbitration_id|data_field|attack,True,False,488528,0,0,0,0,0,0,0,483698,4830,0.00988684,0,0,1672531200.0,1672531499.769563,299.769563,0,11,0.000000000,54,3,3,2,16,2,0,4575,multiple,92808,446979,2,0.013637,1672531257.5209908,1672531474.0208838,216.499893,56.281857,5,multiple_windows,0,True,
set_04,test_01_known_vehicle_known_attack,test,rpm-2.csv,rpm,set_04/test_01_known_vehicle_known_attack/rpm-2.csv,8d69e9a2f72ded996c7c9284e257855a06825bb2d9aa1e285fbb5458c6826229,22946502,"timestamp,arbitration_id,data_field,attack",timestamp|arbitration_id|data_field|attack,True,False,569888,0,0,0,0,0,0,0,569420,468,0.00082121,0,0,1672531200.0,1672531552.905797,352.905797,0,1,0.000000000,54,3,3,2,16,2,0,468,multiple,142970,220769,1,0.006015,1672531288.610544,1672531336.536608,47.926064,0.103663,1,single_window,0,True,
set_04,test_01_known_vehicle_known_attack,test,rpm-accessory-1.csv,rpm-accessory,set_04/test_01_known_vehicle_known_attack/rpm-accessory-1.csv,0b2cd22e6efa958e9f6eaad0c413dc96c01fc9a917a73c0c4695951633d164b1,5220106,"timestamp,arbitration_id,data_field,attack",timestamp|arbitration_id|data_field|attack,True,False,129817,0,0,0,0,0,0,0,128469,1348,0.01038385,0,0,1672531200.0,1672531279.615557,79.615557,0,1,0.000000000,54,3,3,2,16,2,0,1344,multiple,41499,49822,2,0.161941,1672531225.7089229,1672531230.035362,4.326439,0.004402,1,single_window,0,True,
set_04,test_01_known_vehicle_known_attack,test,rpm-accessory-2.csv,rpm-accessory,set_04/test_01_known_vehicle_known_attack/rpm-accessory-2.csv,f7ff3cd2997991fbefb483bf9bd72a54ec49e3af707785fbdf1c20bafea5e192,5596879,"timestamp,arbitration_id,data_field,attack",timestamp|arbitration_id|data_field|attack,True,False,138381,0,0,0,0,0,0,0,138166,215,0.00155368,0,0,1672531200.0,1672531285.633497,85.633497,0,0,0.000000000,50,3,3,2,16,2,0,215,multiple,13433,49014,1,0.006042,1672531208.3241048,1672531230.247725,21.923620,0.103404,1,single_window,0,True,
set_04,test_01_known_vehicle_known_attack,test,speed-1.csv,speed,set_04/test_01_known_vehicle_known_attack/speed-1.csv,7b9b7973e083836d17f0cbb57591028029991db4569c020f8cf4c5ee9bfc337d,30421072,"timestamp,arbitration_id,data_field,attack",timestamp|arbitration_id|data_field|attack,True,False,757055,0,0,0,0,0,0,0,744180,12875,0.01700669,0,0,1672531200.0,1672531661.208904,461.208904,0,18,0.000000000,54,3,3,2,16,2,0,12236,multiple,91976,744255,3,0.019738,1672531256.99752,1672531653.2766368,396.279117,99.589444,6,multiple_windows,0,True,
set_04,test_01_known_vehicle_known_attack,test,speed-2.csv,speed,set_04/test_01_known_vehicle_known_attack/speed-2.csv,34dc42612af9a77306650262741429321e73547f9febe2bc8fee30e909c3bd64,28643415,"timestamp,arbitration_id,data_field,attack",timestamp|arbitration_id|data_field|attack,True,False,714871,0,0,0,0,0,0,0,713513,1358,0.00189964,0,0,1672531200.0,1672531642.2079279,442.207928,0,2,0.000000000,54,3,3,2,16,2,0,1276,multiple,145984,614993,2,0.002895,1672531290.477051,1672531580.308507,289.831456,88.671313,5,multiple_windows,0,True,
set_04,test_01_known_vehicle_known_attack,test,speed-accessory-1.csv,speed-accessory,set_04/test_01_known_vehicle_known_attack/speed-accessory-1.csv,ff264d1b07da2d34c5ddf4386e485863b9ed628f2878dc1adfb3edd20e2d4273,10558989,"timestamp,arbitration_id,data_field,attack",timestamp|arbitration_id|data_field|attack,True,False,262041,0,0,0,0,0,0,0,260611,1430,0.00545716,0,0,1672531200.0,1672531361.5246949,161.524695,0,4,0.000000000,50,3,3,2,16,2,0,1430,multiple,11308,43213,1,0.044819,1672531207.0052428,1672531225.8987441,18.893501,0.014174,1,single_window,0,True,
set_04,test_01_known_vehicle_known_attack,test,speed-accessory-2.csv,speed-accessory,set_04/test_01_known_vehicle_known_attack/speed-accessory-2.csv,55b79b9c9493ce35bb9b39f73b74e44d3a0373a1f42c33398a82f0702f2c6ab8,6647294,"timestamp,arbitration_id,data_field,attack",timestamp|arbitration_id|data_field|attack,True,False,164771,0,0,0,0,0,0,0,164681,90,0.00054621,0,0,1672531200.0,1672531302.0663519,102.066352,0,0,0.000000000,54,3,3,2,16,2,0,80,multiple,18135,18669,3,0.168224,1672531211.241307,1672531211.5145888,0.273282,0.003955,1,single_window,0,True,
set_04,test_01_known_vehicle_known_attack,test,standstill-1.csv,standstill,set_04/test_01_known_vehicle_known_attack/standstill-1.csv,15926e6cb364f9e1ed73f3cc5481044bdc87b01c9535f25c2619695689036889,12404934,"timestamp,arbitration_id,data_field,attack",timestamp|arbitration_id|data_field|attack,True,False,306189,0,0,0,0,0,0,0,298327,7862,0.02567695,0,0,1672531200.0,1672531384.897017,184.897017,0,12,0.000000000,50,3,3,2,16,2,0,6872,multiple,26623,73066,3,0.169279,1672531216.4979031,1672531240.411025,23.913122,0.004379,1,single_window,0,True,
set_04,test_01_known_vehicle_known_attack,test,standstill-2.csv,standstill,set_04/test_01_known_vehicle_known_attack/standstill-2.csv,7dbd5df9d928149f89c4532a523426d80d74e24f69b37f1f554c1e6622c441df,35735469,"timestamp,arbitration_id,data_field,attack",timestamp|arbitration_id|data_field|attack,True,False,892327,0,0,0,0,0,0,0,889966,2361,0.00264589,0,0,1672531200.0,1672531751.556603,551.556603,0,5,0.000000000,54,3,3,2,16,2,0,2331,multiple,417759,432138,2,0.164186,1672531458.90474,1672531466.3542271,7.449487,0.004843,1,single_window,0,True,
set_04,test_01_known_vehicle_known_attack,test,systematic-1.csv,systematic,set_04/test_01_known_vehicle_known_attack/systematic-1.csv,fe44285f29d4d59d1b75f8884ca8a7331aac6fdf341cb3c4bd90f4b8e40f30f7,20886277,"timestamp,arbitration_id,data_field,attack",timestamp|arbitration_id|data_field|attack,True,False,519433,0,0,0,0,0,0,0,509965,9468,0.01822757,567,567,1672531200.0,1672531516.0603859,316.060386,0,9,0.000000000,2048,3,3,0,16,2,0,6448,multiple,57962,83830,6,0.365998,1672531235.9217708,1672531246.0948138,10.173043,0.001239,1,single_window,0,True,
set_04,test_01_known_vehicle_known_attack,test,systematic-2.csv,systematic,set_04/test_01_known_vehicle_known_attack/systematic-2.csv,7f1cdfd5af58d2fb062ec01bd636fad67399567762bfed147173fec67ad5a560,25236201,"timestamp,arbitration_id,data_field,attack",timestamp|arbitration_id|data_field|attack,True,False,630419,0,0,0,0,0,0,0,628052,2367,0.00375465,159,159,1672531200.0,1672531589.2463441,389.246344,0,11,0.000000000,2048,3,3,0,16,2,0,2367,multiple,74311,115259,1,0.057804,1672531246.05507,1672531269.965481,23.910411,0.010304,1,single_window,0,True,
set_04,test_02_unknown_vehicle_known_attack,test,interval-1.csv,interval,set_04/test_02_unknown_vehicle_known_attack/interval-1.csv,eac9c98a5be612bbfa5cb81481de98c3553c4644e8a20b175859cc6cde2c7f53,23948856,"timestamp,arbitration_id,data_field,attack",timestamp|arbitration_id|data_field|attack,True,False,634191,0,0,0,0,0,0,0,619066,15125,0.02384928,0,0,1672531200.0,1672531510.9954219,310.995422,3424,48,0.005339146,62,3,3,4,16,4,0,15125,multiple,12681,632954,1,0.024384,1672531206.4176669,1672531508.8746,302.456933,0.031351,1,single_window,0,True,
set_04,test_02_unknown_vehicle_known_attack,test,interval-2.csv,interval,set_04/test_02_unknown_vehicle_known_attack/interval-2.csv,f8cc87d7bb869037d3c681e18df3f855c888e4f2e1bbc019b1b019d85ef8f6ef,62683875,"timestamp,arbitration_id,data_field,attack",timestamp|arbitration_id|data_field|attack,True,False,1653840,0,0,0,0,0,0,0,1652661,1179,0.00071289,0,0,1672531200.0,1672532027.6774971,827.677497,71,2,0.000103951,62,3,3,4,16,4,0,1179,multiple,697022,727645,1,0.038499,1672531548.463572,1672531563.1893911,14.725819,0.018505,1,single_window,0,True,
set_04,test_02_unknown_vehicle_known_attack,test,rpm-1.csv,rpm,set_04/test_02_unknown_vehicle_known_attack/rpm-1.csv,adccfc1418c2dafbcbaa3ca32fceef277b74b903dac4e3b849f14a884fe8b549,125672401,"timestamp,arbitration_id,data_field,attack",timestamp|arbitration_id|data_field|attack,True,False,3296008,0,0,0,0,0,0,0,3295597,411,0.00012470,0,0,1672531200.0,1672533225.2156639,2025.215664,19,1,0.000080109,62,3,3,4,16,4,0,411,multiple,1312876,1323166,1,0.039938,1672531856.37422,1672531861.3145902,4.940370,0.030036,1,single_window,0,True,
set_04,test_02_unknown_vehicle_known_attack,test,rpm-2.csv,rpm,set_04/test_02_unknown_vehicle_known_attack/rpm-2.csv,060d1a2c3407133f77441eab77ee0be65090c751613170dfac53d1d727b930e0,74511748,"timestamp,arbitration_id,data_field,attack",timestamp|arbitration_id|data_field|attack,True,False,1975925,0,0,0,0,0,0,0,1975831,94,0.00004757,0,0,1672531200.0,1672532188.994693,988.994693,5,0,0.000024080,62,3,3,4,16,4,0,94,multiple,863726,882828,1,0.004921,1672531631.841197,1672531641.3416629,9.500466,0.102737,1,single_window,0,True,
set_04,test_02_unknown_vehicle_known_attack,test,rpm-accessory-1.csv,rpm-accessory,set_04/test_02_unknown_vehicle_known_attack/rpm-accessory-1.csv,9739daaa2b6119025fce2f8ad2c103c6bc84c88621210dd2087a1e3963c48697,19994030,"timestamp,arbitration_id,data_field,attack",timestamp|arbitration_id|data_field|attack,True,False,529658,0,0,0,0,0,0,0,529370,288,0.00054375,0,0,1672531200.0,1672531464.697468,264.697468,10,0,0.000083923,62,3,3,4,16,4,0,288,multiple,1849,60820,1,0.004884,1672531200.919446,1672531230.268852,29.349406,0.103225,1,single_window,0,True,
set_04,test_02_unknown_vehicle_known_attack,test,rpm-accessory-2.csv,rpm-accessory,set_04/test_02_unknown_vehicle_known_attack/rpm-accessory-2.csv,ab71eeac381cc1f85398286db1351a655f7e3860c9d34482dc8ff93eba816737,11574573,"timestamp,arbitration_id,data_field,attack",timestamp|arbitration_id|data_field|attack,True,False,307113,0,0,0,0,0,0,0,307057,56,0.00018234,0,0,1672531200.0,1672531353.5123889,153.512389,2,1,0.000046015,62,3,3,4,16,4,0,56,multiple,42428,204000,1,0.000347,1672531221.2101569,1672531301.958894,80.748737,55.602357,2,multiple_windows,0,True,
set_04,test_02_unknown_vehicle_known_attack,test,speed-1.csv,speed,set_04/test_02_unknown_vehicle_known_attack/speed-1.csv,0479e4b539c33b40639969fe28b0b47bbdb88fcd3a2264c1fca3becca63fb7c7,99358561,"timestamp,arbitration_id,data_field,attack",timestamp|arbitration_id|data_field|attack,True,False,2619677,0,0,0,0,0,0,0,2619663,14,0.00000534,0,0,1672531200.0,1672532510.740895,1310.740895,6,0,0.000066996,62,3,3,4,16,4,0,14,multiple,1233172,1246263,1,0.001069,1672531816.320147,1672531822.854465,6.534318,0.503033,1,single_window,0,True,
set_04,test_02_unknown_vehicle_known_attack,test,speed-2.csv,speed,set_04/test_02_unknown_vehicle_known_attack/speed-2.csv,a2f91f422d35cdda18cf9e17b239251de72e98ed42784176d8e1f6f2b75cfe10,104275419,"timestamp,arbitration_id,data_field,attack",timestamp|arbitration_id|data_field|attack,True,False,2734513,0,0,0,0,0,0,0,2734475,38,0.00001390,0,0,1672531200.0,1672532568.476994,1368.476994,6,0,0.000029087,62,3,3,4,16,4,0,38,multiple,965384,1017432,1,0.000730,1672531682.6068611,1672531708.6037381,25.996877,0.703253,1,single_window,0,True,
set_04,test_02_unknown_vehicle_known_attack,test,speed-accessory-1.csv,speed-accessory,set_04/test_02_unknown_vehicle_known_attack/speed-accessory-1.csv,4a6fea5f7181ebd6b9012ae40cf61d46f4b73f6f58b7f652681cfee72c09258b,20175669,"timestamp,arbitration_id,data_field,attack",timestamp|arbitration_id|data_field|attack,True,False,529420,0,0,0,0,0,0,0,529370,50,0.00009444,0,0,1672531200.0,1672531464.6979852,264.697985,2,0,0.000031948,62,3,3,4,16,4,0,50,multiple,13493,62788,1,0.001014,1672531206.7409551,1672531231.3713262,24.630371,0.503324,1,single_window,0,True,
set_04,test_02_unknown_vehicle_known_attack,test,speed-accessory-2.csv,speed-accessory,set_04/test_02_unknown_vehicle_known_attack/speed-accessory-2.csv,7f7ada628691f1ae54d94f8f85ad8b4487fee8e90d5f300d919275df6870a090,11605872,"timestamp,arbitration_id,data_field,attack",timestamp|arbitration_id|data_field|attack,True,False,307067,0,0,0,0,0,0,0,307057,10,0.00003257,0,0,1672531200.0,1672531353.512749,153.512749,0,0,0.000000000,62,3,3,4,16,4,0,10,multiple,11557,65615,1,0.000185,1672531205.7752171,1672531232.800014,27.024797,3.002902,10,multiple_windows,0,True,
set_04,test_02_unknown_vehicle_known_attack,test,standstill-1.csv,standstill,set_04/test_02_unknown_vehicle_known_attack/standstill-1.csv,46cd4879e286e1e5273bf5b0e5ab75a0fe0a79c9504472c4b31cac4e0006fea9,45606102,"timestamp,arbitration_id,data_field,attack",timestamp|arbitration_id|data_field|attack,True,False,1208289,0,0,0,0,0,0,0,1207723,566,0.00046843,0,0,1672531200.0,1672531805.0169389,605.016939,18,3,0.000106096,62,3,3,4,16,4,0,566,multiple,474990,879970,1,0.001398,1672531437.3524189,1672531639.4120779,202.059659,187.332142,2,multiple_windows,0,True,
set_04,test_02_unknown_vehicle_known_attack,test,standstill-2.csv,standstill,set_04/test_02_unknown_vehicle_known_attack/standstill-2.csv,fbbe59b02dd752a9e4b7822cb277bf96bef1ac4389b01ab5d7c1dd8b0b378d37,23370239,"timestamp,arbitration_id,data_field,attack",timestamp|arbitration_id|data_field|attack,True,False,614984,0,0,0,0,0,0,0,614960,24,0.00003903,0,0,1672531200.0,1672531507.433821,307.433821,2,0,0.000019073,62,3,3,4,16,4,0,24,multiple,41591,501840,1,0.000052,1672531220.8138158,1672531450.875427,230.061611,10.004023,24,multiple_windows,0,True,
set_04,test_02_unknown_vehicle_known_attack,test,systematic-1.csv,systematic,set_04/test_02_unknown_vehicle_known_attack/systematic-1.csv,d88b9fdef1de156d4f3afeb10d31e356daf2bef9cc5a662845c3520b9bd5a90f,20551827,"timestamp,arbitration_id,data_field,attack",timestamp|arbitration_id|data_field|attack,True,False,541323,0,0,0,0,0,0,0,504198,37125,0.06858197,2324,2324,1672531200.0,1672531452.1943312,252.194331,0,102,0.000000000,2048,3,3,0,16,2,0,26422,multiple,82939,200842,8,0.314875,1672531241.4836512,1672531281.8796952,40.396044,0.001401,1,single_window,0,True,
set_04,test_02_unknown_vehicle_known_attack,test,systematic-2.csv,systematic,set_04/test_02_unknown_vehicle_known_attack/systematic-2.csv,4cda452db291be614bf4a397c028636c534ec6e4acb33a4e65745ac8bf93685e,17343447,"timestamp,arbitration_id,data_field,attack",timestamp|arbitration_id|data_field|attack,True,False,456086,0,0,0,0,0,0,0,453827,2259,0.00495301,134,134,1672531200.0,1672531426.9437308,226.943731,0,6,0.000000000,2048,3,3,0,16,2,0,2259,multiple,106664,154754,1,0.046973,1672531253.3542359,1672531276.2760818,22.921846,0.010379,1,single_window,0,True,
set_04,test_03_known_vehicle_unknown_attack,test,DoS-1.csv,DoS,set_04/test_03_known_vehicle_unknown_attack/DoS-1.csv,ba70baaa2e7eae058a9d093bc69125c73e65856ea3eb1faa7494cdcea2fd76bb,25795857,"timestamp,arbitration_id,data_field,attack",timestamp|arbitration_id|data_field|attack,True,False,643807,0,0,0,0,0,0,0,631716,12091,0.01878047,0,0,1672531200.0,1672531591.5302889,391.530289,0,19,0.000000000,55,3,3,2,16,2,0,6641,multiple,236779,265618,8,0.419244,1672531346.7538991,1672531357.1308661,10.376967,0.039632,1,single_window,0,True,
set_04,test_03_known_vehicle_unknown_attack,test,DoS-2.csv,DoS,set_04/test_03_known_vehicle_unknown_attack/DoS-2.csv,8ac793414409eff6476d31cadeb764bf8388491fe690a73cbe9e06751f7523f2,28481072,"timestamp,arbitration_id,data_field,attack",timestamp|arbitration_id|data_field|attack,True,False,709039,0,0,0,0,0,0,0,683731,25308,0.03569338,0,0,1672531200.0,1672531638.7151549,438.715155,0,36,0.000000000,54,3,3,2,16,2,0,14005,multiple,69308,530507,11,0.054874,1672531242.9534581,1672531513.103431,270.149973,67.508952,6,multiple_windows,0,True,
set_04,test_03_known_vehicle_unknown_attack,test,double-1.csv,double,set_04/test_03_known_vehicle_unknown_attack/double-1.csv,cb6e794a3de531e7acf8b9687f348de656fc9a890616fb4da03a02bb33bf9d94,50097196,"timestamp,arbitration_id,data_field,attack",timestamp|arbitration_id|data_field|attack,True,False,1244063,0,0,0,0,0,0,0,1233676,10387,0.00834926,0,0,1672531200.0,1672531964.5854762,764.585476,197,13,0.000198841,54,3,3,2,16,2,0,8020,multiple,217929,377781,4,0.064978,1672531335.057337,1672531427.6968791,92.639542,59.714373,3,multiple_windows,0,True,
set_04,test_03_known_vehicle_unknown_attack,test,double-2.csv,double,set_04/test_03_known_vehicle_unknown_attack/double-2.csv,c592898c200fc387f020fcf2ce673f8fdec12f2dc4dac2ddf7315e00fe5bfd30,27856480,"timestamp,arbitration_id,data_field,attack",timestamp|arbitration_id|data_field|attack,True,False,695540,0,0,0,0,0,0,0,690926,4614,0.00663369,0,0,1672531200.0,1672531628.187381,428.187381,87,10,0.000444889,54,3,3,2,16,2,0,3388,multiple,276815,295953,4,0.241078,1672531371.547169,1672531380.54912,9.001951,0.004037,1,single_window,0,True,
set_04,test_03_known_vehicle_unknown_attack,test,force-neutral-1.csv,force-neutral,set_04/test_03_known_vehicle_unknown_attack/force-neutral-1.csv,c1a10149201f802a6135dd627dcf4fcfebd4f4a048f21b996086ea83c5cc968c,21158090,"timestamp,arbitration_id,data_field,attack",timestamp|arbitration_id|data_field|attack,True,False,527589,0,0,0,0,0,0,0,525869,1720,0.00326011,0,0,1672531200.0,1672531525.9243751,325.924375,0,3,0.000000000,54,3,3,2,16,2,0,1720,multiple,238255,274153,1,0.047912,1672531347.662694,1672531368.8479421,21.185248,0.013460,1,single_window,0,True,
set_04,test_03_known_vehicle_unknown_attack,test,force-neutral-2.csv,force-neutral,set_04/test_03_known_vehicle_unknown_attack/force-neutral-2.csv,c24ae73768ef703f9058287528c301317d0ae1aeedeae06eb24deb3a069081d2,19047891,"timestamp,arbitration_id,data_field,attack",timestamp|arbitration_id|data_field|attack,True,False,475757,0,0,0,0,0,0,0,474378,1379,0.00289854,0,0,1672531200.0,1672531494.009995,294.009995,0,1,0.000000000,54,3,3,2,16,2,0,1117,multiple,294786,302971,3,0.168458,1672531382.6961889,1672531386.9180241,4.221835,0.004395,1,single_window,0,True,
set_04,test_03_known_vehicle_unknown_attack,test,fuzzing-1.csv,fuzzing,set_04/test_03_known_vehicle_unknown_attack/fuzzing-1.csv,4d3db9215b3a76c6dee481a154dc32cd4e106f7abeb61a5d7b388479c5d59e2c,26438538,"timestamp,arbitration_id,data_field,attack",timestamp|arbitration_id|data_field|attack,True,False,660170,0,0,0,0,0,0,0,631716,28454,0.04310102,1837,1837,1672531200.0,1672531591.529839,391.529839,0,42,0.000000000,2048,3,3,0,16,2,0,18559,multiple,299438,563357,7,0.107813,1672531385.5848498,1672531531.528547,145.943697,96.077264,3,multiple_windows,0,True,
set_04,test_03_known_vehicle_unknown_attack,test,fuzzing-2.csv,fuzzing,set_04/test_03_known_vehicle_unknown_attack/fuzzing-2.csv,00c41be1a38f99d324aecac8b95f09569dcc4d42ef27e8af02fa2dcd4784c81f,26107792,"timestamp,arbitration_id,data_field,attack",timestamp|arbitration_id|data_field|attack,True,False,650196,0,0,0,0,0,0,0,643639,6557,0.01008465,434,434,1672531200.0,1672532182.5758541,982.575854,0,8,0.000000000,1961,3,3,0,16,2,0,5184,multiple,9205,95872,991,0.075657,1672531660.9486132,1672531839.03601,178.087397,111.548140,2,multiple_windows,0,True,
set_04,test_03_known_vehicle_unknown_attack,test,triple-1.csv,triple,set_04/test_03_known_vehicle_unknown_attack/triple-1.csv,a20dca9b3342ffcc04c5d09e4056104d7e783b563a079c34e209b35c9b217bd1,22022316,"timestamp,arbitration_id,data_field,attack",timestamp|arbitration_id|data_field|attack,True,False,544385,0,0,0,0,0,0,0,491468,52917,0.09720510,0,0,1672531200.0,1672531504.5881381,304.588138,821,62,0.000590801,54,3,3,2,16,2,0,35612,multiple,167121,356031,6,0.280116,1672531303.5684719,1672531387.854481,84.286009,0.004178,1,single_window,0,True,
set_04,test_03_known_vehicle_unknown_attack,test,triple-2.csv,triple,set_04/test_03_known_vehicle_unknown_attack/triple-2.csv,3d46aaada8ed35e5823d39393d514bf94cac429f9a03d1b60081aa82954e2780,28462391,"timestamp,arbitration_id,data_field,attack",timestamp|arbitration_id|data_field|attack,True,False,703688,0,0,0,0,0,0,0,690926,12762,0.01813588,0,0,1672531200.0,1672531628.1874239,428.187424,202,24,0.000159979,54,3,3,2,16,2,0,8721,multiple,215090,574890,5,0.035470,1672531333.293561,1672531548.3691068,215.075546,130.892709,3,multiple_windows,0,True,
set_04,test_04_unknown_vehicle_unknown_attack,test,DoS-1.csv,DoS,set_04/test_04_unknown_vehicle_unknown_attack/DoS-1.csv,c254937a299691e226116ec962ed0a3c47f095d1539b5d0663de7b1884afff8f,15324766,"timestamp,arbitration_id,data_field,attack",timestamp|arbitration_id|data_field|attack,True,False,402001,0,0,0,0,0,0,0,381441,20560,0.05114415,0,0,1672531200.0,1672531390.5924911,190.592491,0,43,0.000000000,63,3,3,4,16,4,0,12260,multiple,18075,76236,7,0.353495,1672531209.0297921,1672531227.822551,18.792759,0.001922,1,single_window,0,True,
set_04,test_04_unknown_vehicle_unknown_attack,test,DoS-2.csv,DoS,set_04/test_04_unknown_vehicle_unknown_attack/DoS-2.csv,2b6dafa512e4050d2b8b2e0b1ce0cef1f8e2c45a45603bcf9880f73c719959d2,15998666,"timestamp,arbitration_id,data_field,attack",timestamp|arbitration_id|data_field|attack,True,False,416866,0,0,0,0,0,0,0,386218,30648,0.07352003,0,0,1672531200.0,1672531393.0360341,193.036034,0,60,0.000000000,62,3,3,4,16,4,0,17528,multiple,44727,129117,9,0.363167,1672531222.3579552,1672531249.222681,26.864726,0.002072,1,single_window,0,True,
set_04,test_04_unknown_vehicle_unknown_attack,test,double-1.csv,double,set_04/test_04_unknown_vehicle_unknown_attack/double-1.csv,70bb4ce03b30e2d70caff89f2c9487daa1ea3c286067f19a92115c368b9b5711,41185016,"timestamp,arbitration_id,data_field,attack",timestamp|arbitration_id|data_field|attack,True,False,1092582,0,0,0,0,0,0,0,1087627,4955,0.00453513,0,0,1672531200.0,1672531745.162143,545.162143,73,6,0.000123978,62,3,3,4,16,4,0,3878,multiple,657511,681778,4,0.204178,1672531528.6740351,1672531538.3202281,9.646193,0.004333,1,single_window,0,True,
set_04,test_04_unknown_vehicle_unknown_attack,test,double-2.csv,double,set_04/test_04_unknown_vehicle_unknown_attack/double-2.csv,9e8b61b1097be54d9f4a0d545839718e2f8c7107017aeb66f459c87ca52b8b4b,17526419,"timestamp,arbitration_id,data_field,attack",timestamp|arbitration_id|data_field|attack,True,False,463001,0,0,0,0,0,0,0,454101,8900,0.01922242,0,0,1672531200.0,1672531454.251147,254.251147,82,15,0.000125885,62,3,3,4,16,4,0,6739,multiple,328645,370037,4,0.215012,1672531391.5215621,1672531407.77563,16.254068,0.004255,1,single_window,0,True,
set_04,test_04_unknown_vehicle_unknown_attack,test,force-neutral-1.csv,force-neutral,set_04/test_04_unknown_vehicle_unknown_attack/force-neutral-1.csv,86679f0754d984313ec75131470ca992810f7f4fbdb05e07f0a1b424c2dd3b07,19220276,"timestamp,arbitration_id,data_field,attack",timestamp|arbitration_id|data_field|attack,True,False,509087,0,0,0,0,0,0,0,507921,1166,0.00229037,0,0,1672531200.0,1672531454.047636,254.047636,19,0,0.000050068,62,3,3,4,16,4,0,1166,multiple,231072,259918,1,0.040420,1672531315.550529,1672531329.3982351,13.847706,0.012802,1,single_window,0,True,
set_04,test_04_unknown_vehicle_unknown_attack,test,force-neutral-2.csv,force-neutral,set_04/test_04_unknown_vehicle_unknown_attack/force-neutral-2.csv,0a4fe4972cbdd836614de0719e027a9bc35b18347f5fcadd3a0e2cb87a11f6d6,17227950,"timestamp,arbitration_id,data_field,attack",timestamp|arbitration_id|data_field|attack,True,False,454206,0,0,0,0,0,0,0,454206,0,0.00000000,0,0,1672531200.0,1672531426.9280531,226.928053,0,0,0.000000000,62,3,3,4,16,4,0,0,none,,,0,,,,,,0,none,0,True,
set_04,test_04_unknown_vehicle_unknown_attack,test,fuzzing-1.csv,fuzzing,set_04/test_04_unknown_vehicle_unknown_attack/fuzzing-1.csv,e6d2f8117c1d59d9da18cca919939d5499c671ff437948ee59b2ccb189cffae5,46782254,"timestamp,arbitration_id,data_field,attack",timestamp|arbitration_id|data_field|attack,True,False,1235992,0,0,0,0,0,0,0,1122478,113514,0.09184040,7165,7165,1672531200.0,1672531761.2269351,561.226935,0,201,0.000000000,2048,3,3,0,16,2,0,80503,multiple,18430,378803,7,0.314989,1672531209.205003,1672531332.6180511,123.413048,0.001446,1,single_window,0,True,
set_04,test_04_unknown_vehicle_unknown_attack,test,fuzzing-2.csv,fuzzing,set_04/test_04_unknown_vehicle_unknown_attack/fuzzing-2.csv,b9c68d608824c7328a03bb01b2c223a7b7a5e2819ff6a2b24b4316680878a536,44490428,"timestamp,arbitration_id,data_field,attack",timestamp|arbitration_id|data_field|attack,True,False,1167769,0,0,0,0,0,0,0,1161656,6113,0.00523477,359,359,1672531200.0,1672531780.4120688,580.412069,0,25,0.000000000,1935,3,3,0,16,2,0,6113,multiple,289520,419814,1,0.046917,1672531344.6532998,1672531406.6958768,62.042577,0.010328,1,single_window,0,True,
set_04,test_04_unknown_vehicle_unknown_attack,test,triple-1.csv,triple,set_04/test_04_unknown_vehicle_unknown_attack/triple-1.csv,b0416e85aee36c02308b03a612fdd6277ab13f2772835c8498036b7d53fdc93a,67253172,"timestamp,arbitration_id,data_field,attack",timestamp|arbitration_id|data_field|attack,True,False,1780543,0,0,0,0,0,0,0,1749487,31056,0.01744187,0,0,1672531200.0,1672532074.3636971,874.363697,355,51,0.005810022,62,3,3,4,16,4,0,21680,multiple,344280,470888,6,0.245291,1672531372.0525451,1672531419.7931471,47.740602,0.004465,1,single_window,0,True,
set_04,test_04_unknown_vehicle_unknown_attack,test,triple-2.csv,triple,set_04/test_04_unknown_vehicle_unknown_attack/triple-2.csv,c77c613f5b4965148ed7c601383025f910b1ca3c9d89044f480e70a4d939e237,24947957,"timestamp,arbitration_id,data_field,attack",timestamp|arbitration_id|data_field|attack,True,False,661579,0,0,0,0,0,0,0,657520,4059,0.00613532,0,0,1672531200.0,1672531528.622719,328.622719,62,5,0.000149012,62,3,3,4,16,4,0,2815,multiple,365742,382154,6,0.247304,1672531382.8246281,1672531388.99967,6.175042,0.003937,1,single_window,0,True,
set_04,train_01,train,accessory-3.csv,accessory,set_04/train_01/accessory-3.csv,34c1d08661f0901c9b950c27db99dd81fd57d21591ead6de188fa483433e06b9,1262428,"timestamp,arbitration_id,data_field,attack",timestamp|arbitration_id|data_field|attack,True,False,31991,0,0,0,0,0,0,0,31991,0,0.00000000,0,0,1672531200.0,1672531396.545752,196.545752,0,0,0.000000000,13,3,3,2,16,2,0,0,none,,,0,,,,,,0,none,0,True,
set_04,train_01,train,accessory-4.csv,accessory,set_04/train_01/accessory-4.csv,4d7d5102dcb6bc043d5cb75c5afc8faca8714545819468d62c3653e951d56b7d,2113444,"timestamp,arbitration_id,data_field,attack",timestamp|arbitration_id|data_field|attack,True,False,52783,0,0,0,0,0,0,0,52783,0,0.00000000,0,0,1672531200.0,1672531247.980916,47.980916,0,0,0.000000000,48,3,3,2,16,2,0,0,none,,,0,,,,,,0,none,0,True,
set_04,train_01,train,attack-free-3.csv,attack-free,set_04/train_01/attack-free-3.csv,97ada5df687ce67473a5f7f8eaef713ff5d0850a0e5c51bd4dfcc0142c04b182,36838630,"timestamp,arbitration_id,data_field,attack",timestamp|arbitration_id|data_field|attack,True,False,920346,0,0,0,0,0,0,0,920346,0,0.00000000,0,0,1672531200.0,1672531772.0202589,572.020259,0,0,0.000000000,54,3,3,2,16,2,0,0,none,,,0,,,,,,0,none,0,True,
set_04,train_01,train,attack-free-4.csv,attack-free,set_04/train_01/attack-free-4.csv,1e8a717287a482b816d99aa9af3abffb5e1d3f010659279ba81add868d43946c,13555370,"timestamp,arbitration_id,data_field,attack",timestamp|arbitration_id|data_field|attack,True,False,336011,0,0,0,0,0,0,0,336011,0,0.00000000,0,0,1672531200.0,1672531408.2490551,208.249055,0,0,0.000000000,54,3,3,2,16,2,0,0,none,,,0,,,,,,0,none,0,True,
set_04,train_01,train,interval-3.csv,interval,set_04/train_01/interval-3.csv,b17052b50df3d3637224c38557e25f04997aef7fd81d4a5ce1dcff7b1f70dc30,15924892,"timestamp,arbitration_id,data_field,attack",timestamp|arbitration_id|data_field|attack,True,False,393679,0,0,0,0,0,0,0,392891,788,0.00200163,0,0,1672531200.0,1672531443.4882102,243.488210,0,0,0.000000000,54,3,3,2,16,2,0,197,multiple,118815,125928,4,0.110768,1672531273.6287711,1672531277.5486162,3.919845,0.020754,1,single_window,0,True,
set_04,train_01,train,interval-4.csv,interval,set_04/train_01/interval-4.csv,f5065b7a46575edf0d39e39757ba543c5f4c6dae7aa232c74de5d5a75ecbc77e,36715373,"timestamp,arbitration_id,data_field,attack",timestamp|arbitration_id|data_field|attack,True,False,907454,0,0,0,0,0,0,0,907204,250,0.00027550,0,0,1672531200.0,1672531781.009799,581.009799,0,0,0.000000000,54,3,3,2,16,2,0,250,multiple,377315,385604,1,0.030157,1672531433.8367939,1672531438.816416,4.979622,0.020998,1,single_window,0,True,
set_04,train_01,train,rpm-3.csv,rpm,set_04/train_01/rpm-3.csv,3e14a91556ab1061dac4b3df6ee914aa304cf2a58fbd77cb6f638d4a45dbdf52,27688947,"timestamp,arbitration_id,data_field,attack",timestamp|arbitration_id|data_field|attack,True,False,689308,0,0,0,0,0,0,0,688742,566,0.00082111,0,0,1672531200.0,1672531626.8613369,426.861337,0,0,0.000000000,54,3,3,2,16,2,0,500,multiple,397770,401120,3,0.168905,1672531446.5270779,1672531448.2535388,1.726461,0.004132,1,single_window,0,True,
set_04,train_01,train,rpm-4.csv,rpm,set_04/train_01/rpm-4.csv,d456f171549ddba8e6b4b188341413baef646c26fffab409e8be56544f0228e4,25863545,"timestamp,arbitration_id,data_field,attack",timestamp|arbitration_id|data_field|attack,True,False,642822,0,0,0,0,0,0,0,641942,880,0.00136896,0,0,1672531200.0,1672531597.8522921,397.852292,0,1,0.000000000,54,3,3,2,16,2,0,857,multiple,332477,375024,2,0.020683,1672531406.0630491,1672531431.8872051,25.824156,6.254671,8,multiple_windows,0,True,
set_04,train_01,train,rpm-accessory-3.csv,rpm-accessory,set_04/train_01/rpm-accessory-3.csv,1a59a410adf053d252d84b4d84a05969819de444ef255d3897a0b4b6ee42a52a,6347809,"timestamp,arbitration_id,data_field,attack",timestamp|arbitration_id|data_field|attack,True,False,157883,0,0,0,0,0,0,0,157654,229,0.00145044,0,0,1672531200.0,1672531297.718169,97.718169,0,0,0.000000000,50,3,3,2,16,2,0,221,multiple,70018,71376,2,0.168506,1672531243.3965321,1672531244.0964131,0.699881,0.004004,1,single_window,0,True,
set_04,train_01,train,rpm-accessory-4.csv,rpm-accessory,set_04/train_01/rpm-accessory-4.csv,0e24c2bba90462e2d074760404ba86306cf0be813d3395cbfc5725e8d6b36e7a,7094561,"timestamp,arbitration_id,data_field,attack",timestamp|arbitration_id|data_field|attack,True,False,175015,0,0,0,0,0,0,0,166722,8293,0.04738451,0,0,1672531200.0,1672531303.331877,103.331877,0,12,0.000000000,54,3,3,2,16,2,0,6502,multiple,30046,63209,4,0.250060,1672531218.6222508,1672531234.033232,15.410981,0.003174,1,single_window,0,True,
set_04,train_01,train,speed-3.csv,speed,set_04/train_01/speed-3.csv,19eb55a1177d2ed82272d1dfd4af3bdd37153fd85a78b095ddc8520b7f20b738,25981307,"timestamp,arbitration_id,data_field,attack",timestamp|arbitration_id|data_field|attack,True,False,649177,0,0,0,0,0,0,0,648844,333,0.00051296,0,0,1672531200.0,1672531602.1292191,402.129219,0,0,0.000000000,54,3,3,2,16,2,0,329,multiple,143439,145374,2,0.172004,1672531288.8979571,1672531289.8866789,0.988722,0.003790,1,single_window,0,True,
set_04,train_01,train,speed-4.csv,speed,set_04/train_01/speed-4.csv,8bef72a087b488cb521013243196f07d4feb26d7dfc0cc234e2f39963cac5757,19603552,"timestamp,arbitration_id,data_field,attack",timestamp|arbitration_id|data_field|attack,True,False,486777,0,0,0,0,0,0,0,486443,334,0.00068615,0,0,1672531200.0,1672531501.4739859,301.473986,0,2,0.000000000,54,3,3,2,16,2,0,323,multiple,149419,151352,2,0.172699,1672531292.6089251,1672531293.5944772,0.985552,0.003954,1,single_window,0,True,
set_04,train_01,train,speed-accessory-3.csv,speed-accessory,set_04/train_01/speed-accessory-3.csv,a6db376f872b3408f81d15e3be10722931c4151ae608a9de4a5a462d4011c14e,10058153,"timestamp,arbitration_id,data_field,attack",timestamp|arbitration_id|data_field|attack,True,False,249865,0,0,0,0,0,0,0,249660,205,0.00082044,0,0,1672531200.0,1672531354.7418859,154.741886,0,0,0.000000000,50,3,3,2,16,2,0,146,multiple,77380,78600,3,0.167895,1672531247.959847,1672531248.5904081,0.630561,0.004162,1,single_window,0,True,
set_04,train_01,train,speed-accessory-4.csv,speed-accessory,set_04/train_01/speed-accessory-4.csv,0b0f03254871ce7316b316519af7975d240c6d5ae1f56358af713041b6003632,15533840,"timestamp,arbitration_id,data_field,attack",timestamp|arbitration_id|data_field|attack,True,False,387940,0,0,0,0,0,0,0,386303,1637,0.00421972,0,0,1672531200.0,1672531439.429235,239.429235,32,0,0.000109196,54,3,3,2,16,2,0,1571,multiple,9734,19265,2,0.171737,1672531206.033325,1672531210.928952,4.895627,0.004219,1,single_window,0,True,
set_04,train_01,train,standstill-3.csv,standstill,set_04/train_01/standstill-3.csv,e5413befc9689c04769a395a97e4c25774cfa09fe1dde76b949f27e9c8b05dc6,32472163,"timestamp,arbitration_id,data_field,attack",timestamp|arbitration_id|data_field|attack,True,False,810295,0,0,0,0,0,0,0,809782,513,0.00063310,0,0,1672531200.0,1672531701.8628991,501.862899,0,1,0.000000000,54,3,3,2,16,2,0,431,multiple,396556,398875,4,0.221121,1672531445.768507,1672531446.8897979,1.121291,0.003557,1,single_window,0,True,
set_04,train_01,train,standstill-4.csv,standstill,set_04/train_01/standstill-4.csv,df9c4d58bad77f8ae5ac23f23f5e1ced59b6b4952e256db1d86a51c78e0a8671,14179466,"timestamp,arbitration_id,data_field,attack",timestamp|arbitration_id|data_field|attack,True,False,352661,0,0,0,0,0,0,0,352589,72,0.00020416,0,0,1672531200.0,1672531418.523983,218.523983,0,0,0.000000000,50,3,3,2,16,2,0,72,multiple,65458,66942,1,0.048485,1672531240.567569,1672531241.4469121,0.879343,0.013345,1,single_window,0,True,
set_04,train_01,train,systematic-3.csv,systematic,set_04/train_01/systematic-3.csv,ae04b96d563258dc9533acfb60d5da6afef6986e46a8c572dbaa90395f16a45c,40594450,"timestamp,arbitration_id,data_field,attack",timestamp|arbitration_id|data_field|attack,True,False,1012913,0,0,0,0,0,0,0,1003139,9774,0.00964940,605,605,1672531200.0,1672531821.707895,621.707895,0,15,0.000000000,2048,3,3,0,16,2,0,6467,multiple,364021,434647,6,0.138389,1672531425.6023979,1672531463.318119,37.715721,15.350981,4,multiple_windows,0,True,
set_04,train_01,train,systematic-4.csv,systematic,set_04/train_01/systematic-4.csv,6e7adccb007a15c705362766f99f0533cfefd664c2d9046ed2e3373672503743,49950983,"timestamp,arbitration_id,data_field,attack",timestamp|arbitration_id|data_field|attack,True,False,1235881,0,0,0,0,0,0,0,1233676,2205,0.00178415,131,131,1672531200.0,1672531964.5858982,764.585898,0,5,0.000000000,2048,3,3,0,16,2,0,1577,multiple,354229,360251,4,0.366097,1672531419.5395551,1672531421.9041362,2.364581,0.001252,1,single_window,0,True,
